timestamp,value,status
1749492973.710059,26.775448260576105,ok
1749492974.7288668,28.67124223622774,ok
1749492975.750527,24.317805129408967,ok
1749492976.7593796,25.862811693064693,ok
1749492977.7687662,26.082182585296145,ok
1749492978.7786038,25.899161644989626,ok
1749492979.9092684,24.820331509758592,ok
1749492980.9194133,24.897624380681616,ok
1749492981.9228823,23.87904282810851,ok
1749492982.9393055,24.44147979716359,ok
1749492983.9555748,24.522011582494706,ok
1749492984.9700432,23.998785976147865,ok
1749492985.9759483,23.134158676854902,ok
1749492986.980494,24.404260179230263,ok
1749492987.987784,24.268644317916337,ok
1749492988.992341,24.075915745315665,ok
1749492990.0014894,24.585275259882177,ok
1749492991.0073156,25.8681706213726,ok
1749492992.0201972,25.08075631398308,ok
1749492993.0381644,25.579964985524594,ok
1749492994.0462987,24.710246936880587,ok
1749492995.053752,25.3726546123397,ok
1749492996.0695965,24.47351966432158,ok
1749492997.0815165,24.02588799081082,ok
1749492998.0954795,23.64849795784747,ok
1749492999.1035392,24.632639060598027,ok
1749493000.2147882,24.642439968342455,ok
1749493001.2233436,25.170020804877158,ok
1749493002.229138,26.11130747047174,ok
1749493003.2362106,24.87411088867711,ok
1749493004.2515574,24.2359813556564,ok
1749493005.256658,24.502757622274288,ok
1749493006.27109,23.851541699909383,ok
1749493007.308471,24.073893165211086,ok
1749493008.3165076,24.980350859603924,ok
1749493009.3200755,25.387756607177,ok
1749493010.3444567,25.007149982258394,ok
1749493011.3480785,25.589183811496806,ok
1749493012.3515587,25.700886625390773,ok
1749493013.3753204,24.752002931183082,ok
1749493014.3856993,24.09037735009253,ok
1749493015.4031107,24.467630038202064,ok
1749493016.413442,25.545681674179974,ok
1749493017.431075,25.53563184034497,ok
1749493018.4386268,25.922709932004075,ok
1749493019.4434993,27.281905719528112,ok
1749493020.4519167,26.53477477690124,ok
1749493021.468909,25.569837456618423,ok
1749493022.4719312,25.207332118075573,ok
1749493023.4817555,25.681567857248968,ok
1749493024.485167,24.893431726668155,ok
1749493025.48777,24.170398854295463,ok
1749493026.504197,23.42651623438551,ok
1749493027.5171654,22.635594706197445,ok
1749493028.5279,21.826239171945208,ok
1749493029.5337527,21.75977112182846,ok
1749493030.5395663,23.62673945488414,ok
1749493031.5431964,24.065562800605978,ok
1749493042.497599,24.644832103910932,ok
1749493043.5109768,25.28069367264057,ok
1749493044.5148206,26.07188704056973,ok
1749493045.5188503,25.415749962608988,ok
1749493046.5241284,24.722329830158305,ok
1749493047.5291605,24.323757490494437,ok
1749493048.5421782,24.28134041429127,ok
1749493049.5456998,24.56538339477666,ok
1749493050.5571969,24.501318565901798,ok
1749493057.0514486,,offline
1749493058.0659962,,offline
1749493059.0884073,,offline
1749493060.1103284,26.233549508384886,ok
1749493061.1169255,27.309384535825142,ok
1749493062.1192381,27.223750229772115,ok
1749493063.1357493,26.083530921243636,ok
1749493064.1532533,25.587383788853536,ok
1749493065.1601748,24.587877853451534,ok
1749493066.1635473,24.037171373599644,ok
1749493067.177688,24.20886053024425,ok
1749493068.186739,24.6296976951432,ok
1749493069.196988,23.955574879500944,ok
1749493070.208507,24.91986329666418,ok
1749493071.2161815,24.142964248117877,ok
1749493072.2336469,23.55630051874037,ok
1749493073.238232,22.522720449988775,ok
1749493074.246752,24.410425736294748,ok
1749493075.2535439,22.82363379699521,ok
1749493076.2656975,24.006722518455376,ok
1749493077.2749727,23.898281090223914,ok
1749493078.2863464,24.280066606569523,ok
1749493079.2995822,22.584786573750176,ok
1749493080.3074503,22.862324677398128,ok
1749493081.3135996,23.309874190269426,ok
1749493082.322286,24.508119127854606,ok
1749493083.3368075,24.873801633588386,ok
1749493084.3410974,26.243669334759225,ok
1749493085.3467236,26.939713453077275,ok
1749493086.361596,25.222300686706593,ok
1749493087.366339,24.320590921929938,ok
1749493088.369354,24.84632213914573,ok
1749493089.3739228,23.825798331740593,ok
1749493090.378435,23.50821079112469,ok
1749493091.3885415,23.76925227873614,ok
1749493092.4073682,23.444030934077283,ok
1749493093.423388,23.324876349992802,ok
1749493094.4286387,23.280476394439393,ok
1749493095.448655,23.349870608248846,ok
1749493096.458491,23.98918648952001,ok
1749493097.4700353,24.86230690204055,ok
1749493098.4783533,24.733691161512084,ok
1749493099.4854496,25.00055779491087,ok
1749493100.4974442,25.51923746890399,ok
1749493101.5025437,25.864531516745398,ok
1749493102.5090642,25.396717347038564,ok
1749493103.5111058,25.664796602837498,ok
1749493104.5186532,26.091313069337225,ok
1749493105.5306304,26.268182510645364,ok
1749493106.532477,25.326866881095555,ok
1749493107.5381875,25.04836624196857,ok
1749493108.540439,24.088580782929597,ok
1749493109.549833,23.494632824028866,ok
1749493110.55148,23.678283672278717,ok
1749493111.5726464,23.768407135334314,ok
1749493112.5800161,25.167802483008835,ok
1749493113.5952485,25.4749288421013,ok
1749493114.6056225,25.136945603207188,ok
1749493115.6118183,25.19911454141971,ok
1749493116.6216612,25.155523168881746,ok
1749493117.6263337,24.637815326221364,ok
1749493118.6419678,23.965770841092727,ok
1749493119.6567504,24.883177182067662,ok
1749493120.6627476,23.543566211613616,ok
1749493121.6752284,23.415363856819088,ok
1749493122.6913927,22.655601405899535,ok
1749493123.6937516,24.415023105740005,ok
1749493124.718396,24.21277598637642,ok
1749493125.7287645,24.776248040856263,ok
1749493126.7383583,25.299117051167848,ok
1749493127.7544365,25.6523753342285,ok
1749493128.7617486,25.20659056423075,ok
1749493129.7736652,25.845989806110424,ok
1749493130.782506,26.71321046035423,ok
1749493131.7882519,27.677616091122644,ok
1749493132.791463,27.211779906245294,ok
1749493133.8018825,27.3667235788868,ok
1749493134.8147717,25.68109418133747,ok
1749493135.8257525,25.47235568096558,ok
1749493136.8287063,24.322929566145,ok
1749493137.840671,25.888748725122856,ok
1749493138.845826,25.172058137197432,ok
1749493140.0531716,26.155932807939216,ok
1749493141.0577044,26.04098706234703,ok
1749493142.0715,25.93914687285701,ok
1749493143.0768445,25.055282728734518,ok
1749493144.0847814,26.018675100494335,ok
1749493145.0964959,25.63507739143129,ok
1749493146.1051748,24.228023228874363,ok
1749493147.1155796,25.258847980571684,ok
1749493148.124627,25.33895293907048,ok
1749493149.1294227,23.7921235235513,ok
1749493150.1431324,24.789845392494765,ok
1749493151.1550562,26.240042771206777,ok
1749493152.1587613,26.34448432514693,ok
1749493153.1642754,27.14410294698762,ok
1749493154.1694925,27.25342177825106,ok
1749493155.1806297,26.97708305018433,ok
1749493156.18832,26.693708409571457,ok
1749493157.1946142,25.450898017435883,ok
1749493158.205993,25.02259096664787,ok
1749493159.2171183,25.57668844733285,ok
1749493160.2269335,26.193909223239864,ok
1749493161.2386668,25.703618894088322,ok
1749493162.2443426,26.052107846619855,ok
1749493163.2476895,25.5977139220084,ok
1749493164.2508295,25.418388955328737,ok
1749493165.2621646,24.96409344418373,ok
1749493166.2730174,24.68787126226877,ok
1749493167.291169,23.88054831212377,ok
1749493168.303289,24.52487018652147,ok
1749493169.3088682,23.798133421574555,ok
1749493170.3135684,24.08702269196125,ok
1749493171.3258212,24.981492450007583,ok
1749493172.3294945,25.254383911643696,ok
1749493173.3370483,24.02630885991686,ok
1749493174.3515007,24.04766365178117,ok
1749493175.3599358,22.691756598941232,ok
1749493176.389692,22.04985504379447,ok
1749493177.397554,23.323586694787405,ok
1749493178.4017174,24.42607176984699,ok
1749493179.4084725,25.503107936860232,ok
1749493180.411884,26.779491031318592,ok
1749493181.4244974,27.8938215578411,ok
1749493182.4278653,28.00124094680691,ok
1749493183.4429328,26.525823671822998,ok
1749493184.4540067,25.848044736718737,ok
1749493185.4600465,26.096633501401193,ok
1749493186.468123,25.60748790693607,ok
1749493187.4788237,25.280849305406598,ok
1749493188.4942155,27.15972617578678,ok
1749493189.4985824,27.70576101521898,ok
1749493190.509418,26.077570435204542,ok
1749493191.5203967,24.73820539224973,ok
1749493192.5330606,24.966557809726172,ok
1749493193.552858,24.564456611604264,ok
1749493194.5589564,24.334906182084875,ok
1749493195.571822,25.57849205489485,ok
1749493196.5977027,26.247599425517954,ok
1749493197.6109712,26.373886972508462,ok
1749493198.6181414,26.15395828942466,ok
1749493199.626858,25.89813102551228,ok
1749493200.6412709,25.869107647425523,ok
1749493201.6502824,25.214545375275858,ok
1749493202.652668,24.924680314099305,ok
1749493203.6704,24.52437272084486,ok
1749493204.683529,25.027769237933313,ok
1749493205.701,25.156080100050474,ok
1749493206.7093463,26.94717414962089,ok
1749493207.7215686,25.62583183095873,ok
1749493208.7261078,25.646023947997218,ok
1749493209.7420645,25.882875843061306,ok
1749493210.7635784,26.12129965965557,ok
1749493211.769667,24.37301838471064,ok
1749493212.7746332,25.319198145554424,ok
1749493213.782673,25.065384464900422,ok
1749493214.7895472,24.123385343817187,ok
1749493215.8059683,23.540057811219025,ok
1749493216.8498893,25.37137866039423,ok
1749493217.8690305,25.5204107212406,ok
1749493218.8841054,25.1242345735443,ok
1749493219.8878148,26.57916131248974,ok
1749493220.8974679,25.98919779134362,ok
1749493221.9045844,24.99412543411844,ok
1749493222.9085186,25.271589605690142,ok
1749493223.9143693,26.21155818760613,ok
1749493224.9248402,24.91668280039466,ok
1749493225.929728,24.40719721900688,ok
1749493226.941967,23.59298650376437,ok
1749493227.9522376,22.877748202125435,ok
1749493228.9657497,21.864201196854744,ok
1749493229.9769344,23.386964046793906,ok
1749493230.993266,25.029332017739687,ok
1749493231.9974022,24.911547515728174,ok
1749493233.0064247,24.494503991107745,ok
1749493234.0140104,24.274296527515723,ok
1749493235.020243,23.27304422055071,ok
1749493236.0589728,21.8264671826378,ok
1749493237.0722814,22.923406394472686,ok
1749493238.098369,22.975885764902706,ok
1749493239.112693,24.206894911071952,ok
1749493240.209792,23.389256465495315,ok
1749493241.2239857,23.61331068613305,ok
1749493242.2381709,22.67730574362924,ok
1749493243.254496,23.71219171575324,ok
1749493244.2670004,23.874318306810256,ok
1749493245.2840369,25.434037246798518,ok
1749493246.2953575,24.854480398235893,ok
1749493247.3075771,24.946740276652413,ok
1749493248.3114228,25.46514840996847,ok
1749493249.3220103,24.286798015386577,ok
1749493250.4725516,24.117269599548216,ok
1749493251.4796076,25.53860748772642,ok
1749493252.4871693,25.564693188657102,ok
1749493253.4922261,23.979360504772917,ok
1749493254.532358,24.17501647645588,ok
1749493255.543846,23.08155083516058,ok
1749493256.547018,23.321092421033946,ok
1749493257.5522656,23.905423209057542,ok
1749493258.5548868,24.284499145120712,ok
1749493259.5677767,25.697941882925523,ok
1749493260.579488,27.07719042392817,ok
1749493261.587358,26.575381103270285,ok
1749493262.5998015,25.730368887099683,ok
1749493263.6098642,25.569024484642075,ok
1749493264.6161592,25.04626229391439,ok
1749493265.6198435,24.68459439321191,ok
1749493266.6270304,25.311645900193533,ok
1749493267.632629,25.696616514029945,ok
1749493268.6370213,25.874217524260622,ok
1749493269.644878,25.31783176329249,ok
1749493270.6486893,25.003960234193386,ok
1749493271.6538944,24.87944617577356,ok
1749493272.658112,24.893239041732098,ok
1749493273.665069,25.90866613506437,ok
1749493274.6683404,25.52641701681157,ok
1749493275.6802914,25.875196705278153,ok
1749493276.6902702,25.614238256974385,ok
1749493277.6950612,26.65087110312124,ok
1749493278.705646,26.180571408754236,ok
1749493279.7086413,27.2141424917236,ok
1749493280.7179067,27.027887757478616,ok
1749493281.7222848,26.00326164965245,ok
1749493282.7283068,25.554983613378276,ok
1749493283.736246,25.97959215152714,ok
1749493284.7499003,26.331573117622348,ok
1749493285.7587554,25.826609829232886,ok
1749493286.7657917,25.758582407138107,ok
1749493287.777646,25.816986896767723,ok
1749493288.7842028,24.68363962170443,ok
1749493289.7993298,24.361402630554,ok
1749493290.8097568,24.715630334701636,ok
1749493291.8145628,26.23136516191163,ok
1749493292.8181417,26.113653410092013,ok
1749493293.829036,26.469152333519208,ok
1749493294.8387856,25.445780576809046,ok
1749493295.850103,25.278495127673672,ok
1749493296.8585105,23.71404399870284,ok
1749493297.8669636,23.050408947121106,ok
1749493298.87044,22.570797447470603,ok
1749493299.8736823,24.108628332600283,ok
1749493300.8887901,24.512638283996935,ok
1749493301.905803,24.53947788065609,ok
1749493302.9150474,24.402893066293508,ok
1749493303.9209843,25.385271273557837,ok
1749493304.9261308,24.0384567387026,ok
1749493305.9329238,24.160343151258093,ok
1749493306.9405186,25.33509324106847,ok
1749493307.9506886,26.362560170458835,ok
1749493308.9590573,25.84279043328859,ok
1749493309.9735014,25.615551526991652,ok
1749493310.9909382,24.87767546549096,ok
1749493311.9994857,23.53360399795408,ok
1749493313.00969,22.533176281121747,ok
1749493314.013426,22.980684485795955,ok
1749493315.0176795,23.753935757592384,ok
1749493316.0244234,23.83967022607568,ok
1749493317.0315626,24.554992779160592,ok
1749493318.0350385,26.248137129867313,ok
1749493319.043603,26.257189646134247,ok
1749493320.2875986,26.47968225702474,ok
1749493321.3021224,27.08616786328829,ok
1749493322.3134313,26.594340257484344,ok
1749493323.3271506,25.377950524011496,ok
1749493324.3329785,25.74402384174153,ok
1749493325.3480139,24.591222852104124,ok
1749493326.3579273,23.81083588478345,ok
1749493327.3709068,25.18308115212866,ok
1749493328.3770237,24.820212090976064,ok
1749493329.3928826,23.619174336367333,ok
1749493330.418095,24.608994782476106,ok
1749493331.4305058,24.397542086989272,ok
1749493332.4384394,24.224204729056673,ok
1749493333.4422803,24.291143556639827,ok
1749493334.448608,23.860618994216964,ok
1749493335.4649055,22.731771136971258,ok
1749493336.4711735,23.441735690850045,ok
1749493337.4764233,22.111754439895638,ok
1749493338.4849925,23.018999920828044,ok
1749493339.4931848,24.410370276605246,ok
1749493340.5016818,26.136275631825526,ok
1749493341.5089848,26.874800983394408,ok
1749493342.515173,27.651605970801732,ok
1749493343.5333703,27.787010305815773,ok
1749493344.5406258,27.285251938883267,ok
1749493345.5547383,27.323736456842774,ok
1749493346.5614715,25.788349630954883,ok
1749493347.5666597,26.303527802030352,ok
1749493348.5828288,26.291338422158923,ok
1749493349.5934093,26.187056000405363,ok
1749493350.6013796,25.40534887120422,ok
1749493351.6149998,26.044089592258057,ok
1749493352.6206565,25.31101787777976,ok
1749493353.6333995,25.576679315632962,ok
1749493354.6449707,26.55942148057145,ok
1749493355.6562274,27.291824836971358,ok
1749493356.665589,,error
1749493357.6691773,,error
1749493358.6866584,27.258216073649475,ok
1749493359.7030823,26.56978797955112,ok
1749493360.7055855,26.477893800093806,ok
1749493361.7142506,26.12747899657329,ok
1749493362.727062,26.267981960350966,ok
1749493363.7440515,25.656462115684867,ok
1749493364.749953,27.173889755747503,ok
1749493365.7667289,27.464742554950426,ok
1749493366.782332,26.865565962849224,ok
1749493367.7886326,25.858873372281078,ok
1749493368.8052602,26.287962774777913,ok
1749493369.8164706,25.65595040596876,ok
1749493370.8309965,24.2944540305295,ok
1749493371.848037,23.928444594366415,ok
1749493372.8542256,24.491143921216576,ok
1749493373.8698175,24.290767643788513,ok
1749493374.8928056,23.572373034064988,ok
1749493375.9073677,24.650233838337353,ok
1749493376.9229348,24.624107656410136,ok
1749493377.9372308,24.0044978061999,ok
1749493378.9396563,24.013016785794125,ok
1749493379.9473639,24.598782167612104,ok
1749493380.9598725,24.92713972599365,ok
1749493381.9637618,24.627322328786292,ok
1749493382.9724677,23.990335443766977,ok
1749493383.9806452,24.430319305851818,ok
1749493384.9882598,24.517797954590595,ok
1749493386.0058959,23.319521974043855,ok
1749493387.0221395,24.40159779796435,ok
1749493388.0346844,24.47846902055333,ok
1749493389.0586665,25.278737134580105,ok
1749493390.07157,24.61614997062913,ok
1749493391.0892563,24.648455965969994,ok
1749493392.1007082,23.7392555513973,ok
1749493393.1071374,24.04026672655677,ok
1749493394.114651,23.99723520277754,ok
1749493395.119115,24.670779618505527,ok
1749493396.1230695,24.07510338445731,ok
1749493397.1278384,24.360764463620235,ok
1749493398.135626,25.535396315981796,ok
1749493399.1393251,24.16804838452072,ok
1749493400.1483355,23.771248251733947,ok
1749493401.1541972,25.528095377417273,ok
1749493402.1652842,25.070775571456636,ok
1749493403.170474,23.92290325578124,ok
1749493404.178769,23.91231290447616,ok
1749493405.189571,24.382462626452444,ok
1749493406.2005432,24.23994057507145,ok
1749493407.2061641,25.82831574532907,ok
1749493408.214741,26.597865036454426,ok
1749493409.2189035,26.16552756491933,ok
1749493410.4106236,26.9743265693845,ok
1749493411.4212115,25.33651418554382,ok
1749493412.431694,24.90500897498651,ok
1749493413.4434848,23.6727226137264,ok
1749493414.4493752,24.759188431906875,ok
1749493415.4537385,23.098215218875062,ok
1749493416.4641926,23.082660633041996,ok
1749493417.4681382,23.232892205847897,ok
1749493418.4741578,24.68178624465508,ok
1749493419.4782498,25.111040512834588,ok
1749493420.4841218,26.276708157301318,ok
1749493421.5015583,27.683585910384785,ok
1749493422.5097504,27.042164827687817,ok
1749493423.5317094,26.185644921233823,ok
1749493424.5403578,25.46356797630535,ok
1749493425.56011,25.05637497148435,ok
1749493426.575341,23.642467874508785,ok
1749493427.580086,23.223130160462894,ok
1749493428.5855901,22.776853860369425,ok
1749493429.5986605,23.387147277937533,ok
1749493430.6128914,24.29132619808815,ok
1749493431.633011,25.582586627223378,ok
1749493432.6506736,25.149231957578394,ok
1749493433.6814542,25.606630110399614,ok
1749493434.7014024,24.70998123525576,ok
1749493435.7173955,24.304690321756436,ok
1749493436.7323523,23.662822519826783,ok
1749493437.7412665,25.020663139332164,ok
1749493438.7504034,25.005148579845393,ok
1749493439.7546456,25.638881500187562,ok
1749493440.7589014,24.830768156026195,ok
1749493441.7639818,24.43240358121024,ok
1749493442.7678614,23.696187138541124,ok
1749493443.786846,23.528272859782458,ok
1749493444.7910647,22.738846709680683,ok
1749493445.814077,23.399503665484897,ok
1749493446.8246496,24.487042770195153,ok
1749493447.8385634,24.074944727443132,ok
1749493448.8436286,23.594631825268163,ok
1749493449.8493056,23.931572114056685,ok
1749493450.8724518,23.270782295865143,ok
1749493451.888156,22.46332610172654,ok
1749493452.8935132,22.94081444395713,ok
1749493453.9079077,22.979207954499543,ok
1749493454.9174392,23.582235201224893,ok
1749493455.9285412,24.557443133283446,ok
1749493456.9403524,24.33627700398473,ok
1749493457.9469142,23.99016287127705,ok
1749493458.9570947,,error
1749493459.96191,24.35720752252567,ok
1749493460.9654498,23.289276215687995,ok
1749493461.9790154,21.794694491417665,ok
1749493462.9855297,21.806519731064284,ok
1749493463.991706,22.67351195555499,ok
1749493464.9945676,23.334533539625863,ok
1749493465.9983695,24.145486905430538,ok
1749493467.0079825,25.14891219916745,ok
1749493468.0162117,25.319031194362992,ok
1749493469.0276628,25.639855455793082,ok
1749493470.051507,26.23140057840107,ok
1749493471.0728467,26.778842878039104,ok
1749493472.081526,25.909768565860617,ok
1749493473.0899036,26.320380774170104,ok
1749493474.1017203,24.8290346085365,ok
1749493475.1066747,24.598411194057455,ok
1749493476.1213527,23.49715273181777,ok
1749493477.1322355,24.19597650386808,ok
1749493478.1470473,24.327528372122067,ok
1749493479.1617188,25.970653201090073,ok
1749493480.1764262,25.25764691936489,ok
1749493481.1937847,26.579423798570474,ok
1749493482.2052705,27.55536062889454,ok
1749493483.2143235,27.846429832821094,ok
1749493484.2252655,27.32114366434026,ok
1749493485.2327015,26.548507917455066,ok
1749493486.236366,25.657361146959722,ok
1749493487.2477882,24.64222474998167,ok
1749493488.2537959,23.80919895541556,ok
1749493489.2642918,23.865405103037045,ok
1749493490.276734,23.977601770119406,ok
1749493491.2804399,23.272825221518477,ok
1749493492.3021667,22.42547208526239,ok
1749493493.312701,23.415483087579574,ok
1749493494.3316834,22.162954910257117,ok
1749493495.3360755,23.89958584611142,ok
1749493496.343542,24.34120033573466,ok
1749493497.3475578,25.35132355993494,ok
1749493498.3596702,24.75036114436521,ok
1749493499.4343889,25.36113142767178,ok
1749493500.7155068,24.779931647751834,ok
1749493501.7207005,25.412292568842798,ok
1749493502.7349236,26.191482284073924,ok
1749493503.7470717,27.015641622806402,ok
1749493504.7656903,26.89234181401025,ok
1749493505.7696636,25.865866857105182,ok
1749493506.7771173,25.17087822894975,ok
1749493507.7890007,24.824560709264365,ok
1749493508.7944696,24.58751576148142,ok
1749493509.8006043,25.851662876675228,ok
1749493511.0145538,27.018369369878144,ok
1749493512.0234044,27.622812717598936,ok
1749493513.0406668,26.70537249685834,ok
1749493514.04795,25.387255306855458,ok
1749493515.052847,24.396066784593025,ok
1749493516.0578182,24.224045177294663,ok
1749493517.0683503,23.631451633026494,ok
1749493518.077899,23.15391294598038,ok
1749493519.0881581,24.523371782406546,ok
1749493520.1015875,25.185516700440484,ok
1749493521.1162016,24.51465389535367,ok
1749493522.1289907,25.25765150381617,ok
1749493523.1487956,25.7018509323932,ok
1749493524.1622884,24.565208818091186,ok
1749493525.1777668,23.336812192336755,ok
1749493526.1841588,23.96775889333203,ok
1749493527.1934993,23.715667180672746,ok
1749493528.1990852,24.89381190328314,ok
1749493529.2045307,25.380374040856243,ok
1749493530.2130895,26.89180202130769,ok
1749493531.2178848,26.659413235138082,ok
1749493532.2429152,26.837422367021258,ok
1749493533.2549586,26.41815985453194,ok
1749493534.2635264,27.112886415382768,ok
1749493535.2730882,26.476472611323345,ok
1749493536.283507,25.722834010024297,ok
1749493537.3174672,25.324091193063254,ok
1749493538.3640463,24.574030702609562,ok
1749493539.3819044,24.0532934551429,ok
1749493540.3911767,23.716210329957143,ok
1749493541.405083,24.36761379063368,ok
1749493542.4100375,23.721237198195603,ok
1749493543.4184477,25.01999383890172,ok
1749493544.4421458,24.752674398023533,ok
1749493545.4643567,24.3799111690655,ok
1749493546.4794085,24.75706289124763,ok
1749493547.4903004,25.237012761999587,ok
1749493548.5109828,25.194673331483155,ok
1749493549.529071,25.02894914008441,ok
1749493550.5337095,25.732358627212886,ok
1749493551.5387607,26.41810782283244,ok
1749493552.5537915,27.2823856432841,ok
1749493553.5633688,25.50531207799406,ok
1749493554.5749457,26.505412339925858,ok
1749493555.5865493,27.09852084640292,ok
1749493556.5981684,26.45941309342806,ok
1749493557.6080446,26.020229823643188,ok
1749493558.6141098,27.62619759728462,ok
1749493559.622221,26.87108152843436,ok
1749493560.633587,27.11423094674912,ok
1749493561.648952,27.317306676563682,ok
1749493562.6671455,28.138134912757074,ok
1749493563.6737413,26.650270473810213,ok
1749493564.6883016,27.008513516093274,ok
1749493565.6993873,27.04877046224533,ok
1749493566.7090604,26.512895822506625,ok
1749493567.715554,25.37712323839808,ok
1749493568.7257557,26.282461825103553,ok
1749493569.735243,25.37249371930748,ok
1749493570.975801,24.718208707185504,ok
1749493571.9892566,25.241081509664287,ok
1749493573.0061815,24.79529100917672,ok
1749493574.0186038,24.254333211484152,ok
1749493575.0273592,25.500196213518127,ok
1749493576.0391517,24.40956960337572,ok
1749493577.0522175,23.485722453296415,ok
1749493578.0566688,23.705193047025197,ok
1749493579.0646486,25.077592469233256,ok
1749493580.0694354,25.3327532543992,ok
1749493581.0784206,25.77936533896593,ok
1749493582.0905182,25.59855632496398,ok
1749493583.0984604,26.833194003688646,ok
1749493584.1085596,25.062243925976965,ok
1749493585.1233833,23.483527312543995,ok
1749493586.133803,24.303322669158796,ok
1749493587.1371295,25.79581812664756,ok
1749493588.1446514,24.774194358049705,ok
1749493589.1567023,24.97468940498468,ok
1749493590.1708126,25.342179420928275,ok
1749493591.1790051,23.984065690423314,ok
1749493592.1881557,23.502676965114517,ok
1749493593.1928408,22.99215065179582,ok
1749493594.2017293,23.51585895829814,ok
1749493595.2081847,23.507939305349694,ok
1749493596.2167282,25.113601567618666,ok
1749493597.2282557,25.355098026329735,ok
1749493598.2325847,25.173232221089403,ok
1749493599.245692,24.592600319208124,ok
1749493600.26066,24.93835278986014,ok
1749493601.3359208,23.928642857373358,ok
1749493602.3744915,24.148891924988536,ok
1749493603.3847072,24.24555002385743,ok
1749493604.3958259,25.682316227612908,ok
1749493605.4156082,25.909716018437575,ok
1749493606.4279084,26.460845366215665,ok
1749493607.4349844,24.864294591958544,ok
1749493608.4447927,26.452904844673593,ok
1749493609.4503856,25.223488587847612,ok
1749493610.4560392,25.229566895312914,ok
1749493611.4637537,25.166108239318714,ok
1749493612.4746938,25.987840781315036,ok
1749493613.4868276,25.309738268553822,ok
1749493614.4926155,25.77886695993242,ok
1749493615.499549,26.054787145142768,ok
1749493616.5129738,26.062252554096496,ok
1749493617.5165396,25.444835990556648,ok
1749493618.5207212,24.98691991881749,ok
1749493619.5385478,24.11609422724428,ok
1749493620.5450544,23.658603026360208,ok
1749493621.5553973,22.468327909874752,ok
1749493622.5621717,22.715424560630773,ok
1749493623.579109,22.107950775444323,ok
1749493624.583033,22.049787038728063,ok
1749493625.5980864,21.458398473307476,ok
1749493626.6078146,22.25925908332992,ok
1749493627.6140254,22.21985348905476,ok
1749493628.625241,23.33923060836469,ok
1749493629.6312933,,error
1749493630.6472878,24.728532761842082,ok
1749493631.6560886,25.111216582381388,ok
1749493632.6751022,26.19559625745565,ok
1749493633.6835525,27.241734578752453,ok
1749493634.6907253,27.595686537930014,ok
1749493635.6999671,28.01950097553822,ok
1749493636.7081356,27.615351069288295,ok
1749493637.7133517,27.006979371469093,ok
1749493638.727083,27.169845354459483,ok
1749493639.7436411,26.938208053023107,ok
1749493641.2145903,25.176504549448527,ok
1749493642.2230778,25.16884095075492,ok
1749493643.231926,24.86370362531009,ok
1749493644.2364206,24.27392519988455,ok
1749493645.2492237,24.407141489495114,ok
1749493646.2715447,24.344703443306194,ok
1749493647.289818,24.208930326076292,ok
1749493648.2959113,24.621743559115213,ok
1749493649.3005953,24.48002776161238,ok
1749493650.3112452,23.593335922823528,ok
1749493651.3259077,25.33981548543851,ok
1749493652.330576,25.620455368717728,ok
1749493653.33963,26.03615865287578,ok
1749493654.3580577,25.253439461482486,ok
1749493655.3617992,24.816906060672927,ok
1749493656.3675807,23.968077422247603,ok
1749493657.3739192,23.759386458616056,ok
1749493658.3763592,23.16094730106537,ok
1749493659.3803518,23.801451322779304,ok
1749493660.387019,24.340468931587612,ok
1749493661.3902884,23.700147111195857,ok
1749493662.397522,25.179143963086254,ok
1749493663.4009874,24.879314068278696,ok
1749493664.4053917,25.263951160914125,ok
1749493665.409783,25.821463553274935,ok
1749493666.421671,26.655162292423434,ok
1749493667.4342785,25.840505371498956,ok
1749493668.4412637,26.30998778028357,ok
1749493669.4481564,25.45086521984249,ok
1749493670.4570932,26.08106890264064,ok
1749493671.4629326,26.21401765255468,ok
1749493672.465558,26.33094085962508,ok
1749493673.4806976,25.392841194912627,ok
1749493674.4848676,26.57811336491347,ok
1749493675.494421,25.096651835878717,ok
1749493676.49675,24.110742215234055,ok
1749493677.507967,24.569581997470777,ok
1749493678.517051,24.98285327610526,ok
1749493679.5310817,23.925158764447605,ok
1749493680.5379717,25.152742753215684,ok
1749493681.5487292,26.465966737594538,ok
1749493682.5624425,25.929998395984278,ok
1749493683.5731635,25.053980271174918,ok
1749493684.5815291,24.67727743959312,ok
1749493685.5903223,23.587397480859945,ok
1749493686.596799,22.87120097919991,ok
1749493687.613714,22.702562572122712,ok
1749493688.6239977,22.976336452604336,ok
1749493689.6290874,22.78173855261212,ok
1749493690.6375153,23.896000502283705,ok
1749493691.6420367,24.895155487374446,ok
1749493692.6503913,24.159349519736494,ok
1749493693.6632764,24.975198920076487,ok
1749493694.6672125,26.16054957395168,ok
1749493695.676789,26.147477575827565,ok
1749493696.6873093,25.075240679449415,ok
1749493697.6922002,24.98372163606087,ok
1749493698.699492,23.954757355910427,ok
1749493699.710646,23.654044083344964,ok
1749493700.7196848,23.991458024934406,ok
1749493701.7258499,25.06742793785506,ok
1749493702.739373,25.842484514121605,ok
1749493703.752784,26.49754076419496,ok
1749493704.760995,26.191055478697045,ok
1749493705.7720642,24.672303144014812,ok
1749493706.7841816,22.824401585543573,ok
1749493707.7929523,22.274138726815544,ok
1749493708.7984884,23.326238808089673,ok
1749493709.8028905,22.77220590715009,ok
1749493710.8075936,22.908765654472244,ok
1749493711.824468,23.71065068291136,ok
1749493712.8308551,25.056089415970817,ok
1749493713.836903,24.92605153558465,ok
1749493714.8458622,26.72364943225938,ok
1749493715.8531969,27.953749801394235,ok
1749493716.8601677,27.444723166430055,ok
1749493717.8719862,27.44615706586461,ok
1749493718.8807747,27.163761855995972,ok
1749493719.8903873,25.741936544642364,ok
1749493721.1817858,25.798276746943987,ok
1749493722.1858706,25.639395308501122,ok
1749493723.190555,25.02876225264689,ok
1749493724.197327,23.79635639425792,ok
1749493725.214553,24.551336369155795,ok
1749493726.2245088,24.515782283269207,ok
1749493727.2330146,25.82088532736559,ok
1749493728.2445319,26.130527542365883,ok
1749493729.2526722,26.379034241986716,ok
1749493730.2597332,25.333139883257605,ok
1749493731.2646134,23.639793740022846,ok
1749493732.273908,23.05323565153581,ok
1749493733.2790833,23.005778673561093,ok
1749493734.284907,23.618174235333495,ok
1749493735.288623,23.390192815646042,ok
1749493736.298795,24.514566052690586,ok
1749493737.304379,25.456759757251184,ok
1749493738.4046092,25.62866700921046,ok
1749493739.4350777,26.425444452302816,ok
1749493740.4543087,26.641045568435914,ok
1749493741.4701066,27.156175649808166,ok
1749493742.4801633,26.144143661317592,ok
1749493743.487176,25.636511729069934,ok
1749493744.4910734,25.221448414447764,ok
1749493745.4975088,26.870521254554852,ok
1749493746.5014925,25.270103407799038,ok
1749493747.5072057,26.086813395018623,ok
1749493748.5211806,25.443596243487924,ok
1749493749.5421963,24.19251475747044,ok
1749493750.5590403,22.654534362544418,ok
1749493751.563087,24.0642748160487,ok
1749493752.5735807,22.723918975984127,ok
1749493753.5886073,23.34613566956329,ok
1749493754.5946813,25.196235010486923,ok
1749493755.598699,25.86891669555461,ok
1749493756.6051996,24.610098445781016,ok
1749493757.621639,25.489090641711936,ok
1749493758.6306098,25.684009910503296,ok
1749493759.6359296,23.874961374878698,ok
1749493760.648552,24.449296275144683,ok
1749493761.6561582,25.881740689635684,ok
1749493762.666955,26.38055138274537,ok
1749493763.6818354,26.26918725076643,ok
1749493764.6930223,27.71170986703919,ok
1749493765.6988873,26.838503066528705,ok
1749493766.7033021,25.597260221449133,ok
1749493767.7102103,25.53204491634248,ok
1749493768.723627,25.122633286943543,ok
1749493769.7343118,24.787528177746974,ok
1749493770.7386267,24.4159413464645,ok
1749493771.7550144,25.470666359205808,ok
1749493772.7647603,24.73353037109623,ok
1749493773.7736673,24.61634164621153,ok
1749493774.87361,24.577833930086967,ok
1749493775.89233,24.77534923032723,ok
1749493776.906881,24.49525666185044,ok
1749493777.9166353,24.142949917152812,ok
1749493778.9191139,25.170544348794085,ok
1749493779.9278102,24.732028670113742,ok
1749493781.1648765,25.790279567857038,ok
1749493782.1729395,24.59487527446525,ok
1749493783.1830075,24.44491258217939,ok
1749493784.1942997,23.728864916866716,ok
1749493785.2041652,24.80079591258163,ok
1749493786.2139277,24.436455672752192,ok
1749493787.2199922,24.60097136426692,ok
1749493788.2356622,26.05544767078775,ok
1749493789.2410126,26.108755544228604,ok
1749493790.2477171,25.2378122881696,ok
1749493791.262471,24.814646398901584,ok
1749493792.2696414,25.174731203183082,ok
1749493793.2813745,23.988439285555543,ok
1749493794.2908788,23.347058197614587,ok
1749493795.298679,22.50736894085953,ok
1749493796.3068936,23.325358077937384,ok
1749493797.31851,22.748277294282975,ok
1749493798.3307378,22.710013134829417,ok
1749493799.3373594,24.1152144342335,ok
1749493800.3409336,24.42867354081433,ok
1749493801.3446784,24.671164051832488,ok
1749493802.3515842,25.322375701729342,ok
1749493803.3571713,25.256707132882504,ok
1749493804.36139,24.165668799998492,ok
1749493805.3790371,25.31141124373861,ok
1749493806.3983598,23.42572002359456,ok
1749493807.4166715,24.381584617132447,ok
1749493808.4243903,24.786770549562565,ok
1749493809.4323518,25.455391869344297,ok
1749493810.4443252,23.875627982260944,ok
1749493811.447057,25.629406145560825,ok
1749493812.46295,25.48954219003,ok
1749493813.4797914,26.39384848312897,ok
1749493814.4905484,25.927154940675813,ok
1749493815.4970133,26.36532662547511,ok
1749493816.5144372,25.666533873509998,ok
1749493817.5217695,25.727952835655678,ok
1749493818.532434,24.948952831128135,ok
1749493819.5430245,24.87563001030859,ok
1749493820.5592854,25.309816245583683,ok
1749493821.5678701,24.44094162933532,ok
1749493822.5780644,23.310898762557354,ok
1749493823.5949776,24.20620100023958,ok
1749493824.6016536,24.039521229117845,ok
1749493825.6167927,23.491404954073186,ok
1749493826.6308389,24.80057460555361,ok
1749493827.6393769,25.30921748427695,ok
1749493828.6430004,24.79157344689751,ok
1749493829.6498904,24.77300679772899,ok
1749493830.6601617,26.161956829828824,ok
1749493831.6655488,25.30542278875897,ok
1749493832.6822875,24.916930592726544,ok
1749493833.700789,25.085648434348414,ok
1749493834.713348,24.609948726030588,ok
1749493835.7200463,23.853532543889855,ok
1749493836.736234,25.209053854967387,ok
1749493837.7440412,25.296858218238565,ok
1749493838.7547996,24.644561173857305,ok
1749493839.764055,25.63667983609226,ok
1749493840.7786198,25.52588320578098,ok
1749493841.786746,24.31523704855711,ok
1749493842.7897377,24.55489453031016,ok
1749493843.8002088,25.573289986903056,ok
1749493844.802839,25.017400413438445,ok
1749493845.80616,26.010506792818784,ok
1749493846.8177462,25.285304997962978,ok
1749493847.8261445,26.042970762209546,ok
1749493848.831851,25.191275621172306,ok
1749493849.8370755,25.544806034216286,ok
1749493850.8421888,24.321387323050054,ok
1749493851.8513646,24.839885536023115,ok
1749493852.857004,24.195882712711615,ok
1749493853.8600802,23.76710015177744,ok
1749493854.8790982,23.236164152591975,ok
1749493855.8928084,24.379829255329973,ok
1749493856.9082313,25.02259055527407,ok
1749493857.9120128,24.911618454415276,ok
1749493858.9173076,24.43419812686883,ok
1749493859.9252386,24.880093835544166,ok
1749493860.9365754,24.98132730931124,ok
1749493861.9427943,24.170526587310032,ok
1749493862.9535434,23.452217385905993,ok
1749493863.9599912,24.76425227380044,ok
1749493864.9722078,24.380962345583782,ok
1749493865.988136,23.500691936479022,ok
1749493866.9990556,23.816323467079858,ok
1749493868.0143821,25.17571751714236,ok
1749493869.0188859,24.99720645012957,ok
1749493870.02885,26.27439759538861,ok
1749493871.0320878,26.141378286085597,ok
1749493872.0389118,25.484607315022586,ok
1749493873.0423598,24.60342631431363,ok
1749493874.0521107,23.884455012120917,ok
1749493875.0544453,22.715904573044334,ok
1749493876.0687928,23.7240079115717,ok
1749493877.085236,23.891313915365807,ok
1749493878.0983927,23.97379968863843,ok
1749493879.1023817,23.989739938606313,ok
1749493880.122288,24.96439838401111,ok
1749493881.1261992,24.79555866516147,ok
1749493882.1339934,24.84510549459179,ok
1749493883.1534958,25.955477601026672,ok
1749493884.1696415,25.89947167358548,ok
1749493885.1861641,25.695968627569716,ok
1749493886.2066674,24.977088315278376,ok
1749493887.2195468,25.286882378485377,ok
1749493888.2242396,25.289088409887682,ok
1749493889.2290084,25.686205589227985,ok
1749493890.2444448,25.43082929242238,ok
1749493891.2491338,24.56710895026181,ok
1749493892.2555704,25.754732776408936,ok
1749493893.2590907,24.758116380512682,ok
1749493894.2730737,24.903708736522255,ok
1749493895.285562,25.58716595216905,ok
1749493896.2948225,26.043150233121168,ok
1749493897.301751,25.052390611118103,ok
1749493898.3069978,25.8734129344128,ok
1749493899.3312435,25.937266567646624,ok
1749493900.3455174,25.20240929255734,ok
1749493901.3632529,24.62344544737089,ok
1749493902.371048,25.31034828505124,ok
1749493903.3766675,23.77101235815965,ok
1749493904.398278,22.68326383535983,ok
1749493905.408521,23.54518383928695,ok
1749493906.4216013,25.296090253011407,ok
1749493907.4359307,24.615965892205633,ok
1749493908.4487429,26.454312025873882,ok
1749493909.4686878,27.951806141509234,ok
1749493910.4980652,27.483670939466236,ok
1749493911.521304,25.89143106363941,ok
1749493912.5296779,25.890640732300305,ok
1749493913.542191,24.476786780586032,ok
1749493914.5515854,22.973862467467995,ok
1749493915.5548396,22.84871558579639,ok
1749493916.5624545,22.831340976201822,ok
1749493917.5775228,22.20827012951101,ok
1749493918.581732,23.635962677910978,ok
1749493919.5893388,24.664783327127083,ok
1749493920.6009572,23.52055888437277,ok
1749493921.6132085,25.155094820194613,ok
1749493922.6168847,26.147451569572247,ok
1749493923.621744,25.887060660187906,ok
1749493924.6298962,26.15377344427846,ok
1749493925.6415951,27.295653199499537,ok
1749493926.6459856,25.76667022758445,ok
1749493927.6496134,26.29758565368335,ok
1749493928.6525517,25.479441428050023,ok
1749493929.6600633,24.401373154828498,ok
1749493930.6657794,23.71985925433383,ok
1749493931.670519,24.975374638423,ok
1749493932.6749666,23.34604468260459,ok
1749493933.6908092,24.299993367129595,ok
1749493934.7009864,24.969781663190815,ok
1749493935.7142298,25.813106291841017,ok
1749493936.7289262,25.56478844457374,ok
1749493937.7321181,26.886534979535742,ok
1749493938.7378306,26.174565225923676,ok
1749493939.7428908,26.730781627342232,ok
1749493940.7548885,26.893579677542373,ok
1749493941.7574484,26.825834998787332,ok
1749493942.7619343,27.21626459424083,ok
1749493943.766613,26.848034634381662,ok
1749493944.7729812,26.596885204378914,ok
1749493945.7783885,26.925261073027382,ok
1749493946.7911737,27.283658491919397,ok
1749493947.8732262,27.454790301366558,ok
1749493948.9084225,26.788169358593002,ok
1749493949.9170322,27.306441502422416,ok
1749493950.921914,26.955653626474998,ok
1749493952.2209208,27.25710575107242,ok
1749493953.2308605,27.07669317385073,ok
1749493954.2375913,28.71157959942646,ok
1749493955.2537723,27.231850149431402,ok
1749493956.258705,27.47094493814119,ok
1749493957.2664664,26.95324550809341,ok
1749493958.284842,26.667148035933224,ok
1749493959.2914197,26.514131665694197,ok
1749493960.3042355,27.579219721377665,ok
1749493961.3121645,27.59300959300409,ok
1749493962.3197973,27.1728155385619,ok
1749493963.325196,27.17264355956845,ok
1749493964.3418136,26.631570112780548,ok
1749493965.3446052,25.724096438693415,ok
1749493966.3504825,24.83858374986676,ok
1749493967.3597226,25.6282886739187,ok
1749493968.37487,25.55002827737104,ok
1749493969.3805838,24.606688107643805,ok
1749493970.3937216,24.200739287999586,ok
1749493971.4071536,24.965799588108343,ok
1749493972.411985,23.991391027842496,ok
1749493973.4295604,24.202330688920803,ok
1749493974.4341393,24.312126249872755,ok
1749493975.4411545,25.3147958759801,ok
1749493976.449892,25.377929928387392,ok
1749493977.4541645,26.178656583876126,ok
1749493978.468247,25.734476274838066,ok
1749493979.4834926,26.70899894210716,ok
1749493980.4922318,27.56788687955186,ok
1749493981.4960659,27.138155655845974,ok
1749493982.5046134,26.842700799337603,ok
1749493983.5181992,27.64864147587438,ok
1749493984.5275168,27.692123595522105,ok
1749493985.5370557,26.722449894279002,ok
1749493986.5448909,27.121568284206887,ok
1749493987.5525985,26.663833390468728,ok
1749493988.5571077,26.34944804820423,ok
1749493989.564696,27.040079078054315,ok
1749493990.574104,26.955431165490715,ok
1749493991.5828342,26.886238829401396,ok
1749493992.5880654,28.05062026605831,ok
1749493993.5934117,28.236068434541302,ok
1749493994.6000314,26.69019357280473,ok
1749493995.6060903,27.10831545232407,ok
1749493996.611179,26.619173260509978,ok
1749493997.6208155,26.37365537905207,ok
1749493998.6260762,24.82892865227712,ok
1749493999.6515908,24.738068566538146,ok
1749494000.6734655,23.64621407261153,ok
1749494001.6765962,22.67188935399383,ok
1749494002.7940192,22.52169295476779,ok
1749494003.7993886,23.346936603590045,ok
1749494004.8196461,24.18299996432919,ok
1749494005.8296323,24.096330983240275,ok
1749494006.8353553,25.858888329635807,ok
1749494007.844921,24.39134029089258,ok
1749494008.8598511,24.805157316078294,ok
1749494009.8734982,25.613548311918805,ok
1749494010.887435,26.975421147804024,ok
1749494011.8933957,26.89712417197972,ok
1749494012.9189806,27.172062358444037,ok
1749494013.9278154,26.343687699675183,ok
1749494014.9451628,25.11847425019947,ok
1749494015.954751,24.3926705393445,ok
1749494016.9604475,24.465965083623296,ok
1749494017.9659402,25.99243599806377,ok
1749494018.9760156,25.477823984239784,ok
1749494019.9880574,25.63863534567448,ok
1749494021.0008578,25.53956336819384,ok
1749494022.0089786,23.85544513059194,ok
1749494023.019436,22.74341643080367,ok
1749494024.0350482,22.859668009924796,ok
1749494025.0499706,23.757502550472985,ok
1749494026.0676715,24.101231504082353,ok
1749494027.0778372,24.074840897505577,ok
1749494028.0933266,24.87772398011908,ok
1749494029.0962007,24.889195286486117,ok
1749494030.109544,24.955120484106843,ok
1749494031.125047,25.484301374978465,ok
1749494032.4373927,26.617887428311217,ok
1749494033.4461377,26.587699532613804,ok
1749494034.4570312,27.8429320386163,ok
1749494035.469194,26.69765390142937,ok
1749494036.4847806,26.956833705649235,ok
1749494037.4974413,25.9257152900931,ok
1749494038.5093193,24.916561409284295,ok
1749494039.522733,24.477651783813855,ok
1749494040.5435688,25.688306184379258,ok
1749494041.5557659,24.400428350033994,ok
1749494042.5776727,25.139715841946884,ok
1749494043.5908186,24.83515739097274,ok
1749494044.5930357,24.176188679219432,ok
1749494045.5971637,23.81171692200791,ok
1749494046.6040044,23.674953715540788,ok
1749494047.6110592,24.110249547743198,ok
1749494048.6212459,24.17129912132753,ok
1749494049.6268518,24.3972336876222,ok
1749494050.6358836,23.38751083251901,ok
1749494051.6442466,23.374228949370753,ok
1749494052.6529984,22.769155247154153,ok
1749494053.6609912,22.7418271343466,ok
1749494054.674244,23.32501490051327,ok
1749494055.684982,23.800049332861548,ok
1749494056.6902304,24.530447907921605,ok
1749494057.6967402,24.086233978319925,ok
1749494058.7116628,24.30482374620859,ok
1749494059.792074,24.952809162341048,ok
1749494060.804467,25.144189737827713,ok
1749494061.8141494,24.2458722838746,ok
1749494062.8229194,23.981361892835892,ok
1749494063.851546,24.607031240705457,ok
1749494064.869195,23.05243510080415,ok
1749494065.8793325,22.601287799909834,ok
1749494066.8937273,23.965933325351088,ok
1749494067.9055061,24.91869405643892,ok
1749494068.9148154,25.07019609229647,ok
1749494069.9321058,26.027096731774787,ok
1749494070.9442844,27.051144271130863,ok
1749494071.956171,25.50116421399023,ok
1749494072.963917,24.485883910833582,ok
1749494073.9709294,23.40184083349211,ok
1749494074.9785528,23.67723253477314,ok
1749494075.9828897,22.080708305605715,ok
1749494077.0000615,23.408499912478938,ok
1749494078.007991,23.63945152555554,ok
1749494079.0152647,24.215726879942526,ok
1749494080.0188031,24.2461486904759,ok
1749494081.0288231,25.290135998208612,ok
1749494082.0366347,25.839606806546907,ok
1749494083.0495942,27.195054030496784,ok
1749494084.0582879,28.304392001549434,ok
1749494085.068479,27.41650806944609,ok
1749494086.0864522,27.79679253196452,ok
1749494087.0897224,26.88141450664775,ok
1749494088.0950227,27.063189176772198,ok
1749494089.1014867,26.674370864633307,ok
1749494090.1091914,25.95638562769302,ok
1749494091.1162138,25.126434076545095,ok
1749494092.1224854,25.787564522458695,ok
1749494093.1314473,25.317345680030385,ok
1749494094.1459165,25.589119692356974,ok
1749494095.154842,26.537065247974056,ok
1749494096.1590586,27.316136205596997,ok
1749494097.1682053,26.09722964417573,ok
1749494098.178943,25.307452594563088,ok
1749494099.1935954,25.33908253550444,ok
1749494100.2015254,24.796474190807324,ok
1749494101.2128983,24.13243136164502,ok
1749494102.2251096,25.621699386636173,ok
1749494103.234498,25.317730330295824,ok
1749494104.252284,24.029613624302723,ok
1749494105.2639449,23.870477387737566,ok
1749494106.276286,24.13631618623807,ok
1749494107.3652046,22.45602375432622,ok
1749494108.4111085,22.61901669216647,ok
1749494109.4136734,22.717428636296436,ok
1749494110.4257493,22.52438287106535,ok
1749494111.4466438,23.140888193833955,ok
1749494112.8007534,23.85672759586961,ok
1749494113.8126698,23.936186673847136,ok
1749494114.8354309,24.795465393794764,ok
1749494115.8471687,26.327440601099465,ok
1749494116.8526487,26.130931423563197,ok
1749494117.8602414,25.48106210684683,ok
1749494118.8714335,25.91071169529389,ok
1749494119.8784049,25.192647469816272,ok
1749494120.8844604,23.85481564678343,ok
1749494121.9037771,22.794827352647452,ok
1749494122.9095378,22.870561534024127,ok
1749494123.9211733,22.182218641302804,ok
1749494124.9283407,21.773025649233368,ok
1749494125.953266,22.595520542382292,ok
1749494126.9581523,23.723067710678276,ok
1749494127.9739397,23.517893908220977,ok
1749494128.9855483,23.48039125997408,ok
1749494130.0015702,23.569622694739962,ok
1749494131.0273075,24.284654162597324,ok
1749494132.0511522,24.646888698472996,ok
1749494133.0633156,26.457208052513742,ok
1749494134.0722656,26.589418960683293,ok
1749494135.0888145,26.73434876346453,ok
1749494136.0997112,25.515873678034712,ok
1749494137.1185586,25.10882747814772,ok
1749494138.1258633,24.861314106181933,ok
1749494139.1390686,25.10633394402605,ok
1749494140.157949,25.237337257521038,ok
1749494141.1630764,25.632276715237236,ok
1749494142.168884,25.164450537043358,ok
1749494143.1819806,24.133189618293624,ok
1749494144.1969185,24.65306465257978,ok
1749494145.2092206,23.998158429812488,ok
1749494146.2150471,24.90800977608539,ok
1749494147.2201056,25.11186414602017,ok
1749494148.2377417,26.043951088505434,ok
1749494149.2468863,25.714477362382638,ok
1749494150.2507882,25.79937509976217,ok
1749494151.2560873,25.277792016406604,ok
1749494152.2629156,25.97658201030297,ok
1749494153.2697103,24.741767547001327,ok
1749494154.278693,24.754411889760227,ok
1749494155.2937636,25.538099935869226,ok
1749494156.3181787,24.89867401057191,ok
1749494157.3332224,24.046095382663292,ok
1749494158.3414578,25.14119143921403,ok
1749494159.347503,25.89443269946522,ok
1749494160.3511279,25.488358295220273,ok
1749494161.360334,24.94780542727438,ok
1749494162.6397023,23.85451420330235,ok
1749494163.6564806,22.99803283329774,ok
1749494164.6688435,21.8234044864272,ok
1749494165.6744695,22.007085095671535,ok
1749494166.6869638,21.90098763291945,ok
1749494167.7027938,23.09852928552897,ok
1749494168.7144525,23.19640639693839,ok
1749494169.7294662,23.869285310572046,ok
1749494170.7399597,25.036963011725593,ok
1749494171.7614126,26.305964437368733,ok
1749494172.7735813,26.460857065666325,ok
1749494173.7806203,26.98127266319829,ok
1749494174.7934756,27.73047901397386,ok
1749494175.803022,26.012639998770812,ok
1749494176.815435,25.340034275889938,ok
1749494177.821185,25.33897741531867,ok
1749494178.8239093,24.415919135299788,ok
1749494179.8282955,22.59379535330466,ok
1749494180.8487794,22.653792875944724,ok
1749494181.8570986,22.905797047263484,ok
1749494182.866977,22.019331196488697,ok
1749494183.8793151,21.86010209383574,ok
1749494184.8872612,23.57624607736198,ok
1749494185.890344,23.56987269414792,ok
1749494186.899746,24.47627533231389,ok
1749494187.9126768,25.07835218456116,ok
1749494188.9220836,25.53742174546477,ok
1749494189.925015,25.72349431191504,ok
1749494190.9481094,25.86796345737431,ok
1749494191.9521093,25.716138195518518,ok
1749494192.9552245,25.544515250013383,ok
1749494193.9659417,26.739459451513106,ok
1749494194.983676,24.90739524087969,ok
1749494195.9931955,25.503636246073448,ok
1749494197.0008287,24.014605700628863,ok
1749494198.0080302,24.101057561411107,ok
1749494199.0171633,23.541038986383096,ok
1749494200.0262272,24.916562048156983,ok
1749494201.0407414,24.353348045638832,ok
1749494202.0536678,25.376537447985005,ok
1749494203.056802,25.877217907540974,ok
1749494204.062099,26.15217120043145,ok
1749494205.0719502,25.25699338468223,ok
1749494206.082413,25.424033885462343,ok
1749494207.0921826,25.139340286208924,ok
1749494208.1073232,25.60337095971384,ok
1749494209.111222,25.93402683469189,ok
1749494210.1186109,25.70880640049021,ok
1749494211.1220014,26.848206729360818,ok
1749494212.1268554,26.136137441232684,ok
1749494213.1308331,24.462431413109435,ok
1749494214.143018,23.626795107934875,ok
1749494215.1532547,24.375774304142272,ok
1749494216.1577063,24.209620170173196,ok
1749494217.1661518,25.58356475254432,ok
1749494218.1818006,27.042175498424093,ok
1749494219.2019868,26.93289160604919,ok
1749494220.222227,26.025796245940285,ok
1749494221.239619,26.321985235265906,ok
1749494222.2537477,25.424398413751526,ok
1749494223.2686713,25.60809256252991,ok
1749494224.2789905,24.92554709651846,ok
1749494225.2950704,25.612008758024974,ok
1749494226.3070195,25.68655910474866,ok
1749494227.3128617,25.83547422357599,ok
1749494228.3185098,24.581102242627615,ok
1749494229.322277,24.665746584749673,ok
1749494230.3363914,24.173187402170957,ok
1749494231.3396285,22.488016271298463,ok
1749494232.3529,21.687433089001022,ok
1749494233.3670666,21.81634496283851,ok
1749494234.3711526,22.222919178138195,ok
1749494235.3754048,22.358519869137847,ok
1749494236.3783095,23.78635130131201,ok
1749494237.3922827,24.343621369455082,ok
1749494238.4038892,24.788329949571672,ok
1749494239.4121335,24.704902501907043,ok
1749494240.4254596,24.44074236163207,ok
1749494241.5090013,23.21403396057551,ok
1749494242.780118,24.06808376565079,ok
1749494243.7929015,23.081898782052303,ok
1749494244.8219419,23.626683857893163,ok
1749494245.8328476,24.94194889638209,ok
1749494246.8370712,26.075365909608728,ok
1749494247.846821,25.710061186148852,ok
1749494248.8503726,26.086746230573517,ok
1749494249.8527803,26.033075099817143,ok
1749494250.8580272,24.61378642144613,ok
1749494251.8648126,24.804903114698032,ok
1749494252.8749948,24.366744691411785,ok
1749494253.8797092,23.978049624655476,ok
1749494254.8861005,24.66905869827185,ok
1749494255.8916118,25.71607354858247,ok
1749494256.9104187,24.458504487138963,ok
1749494257.9250844,24.361368818984293,ok
1749494258.9400015,24.560853848310416,ok
1749494259.9560337,23.89002458414008,ok
1749494260.9988992,22.73693063462727,ok
1749494262.0105665,22.757392716607722,ok
1749494263.3609946,24.12143510164983,ok
1749494264.3659298,24.0075021233531,ok
1749494265.3705473,23.483513972712412,ok
1749494266.3762324,23.57857311851178,ok
1749494267.4050076,24.466586911302244,ok
1749494268.429011,24.079831443440185,ok
1749494269.4371083,24.686689127873755,ok
1749494270.445858,25.420175074003957,ok
1749494271.456091,26.317757258669502,ok
1749494272.4614406,25.716095158274584,ok
1749494273.4744036,25.311338226758892,ok
1749494274.4833357,25.56093216296606,ok
1749494275.4981241,24.239071750572254,ok
1749494276.5070026,24.11213045399568,ok
1749494277.5187364,25.107010070456898,ok
1749494278.5226133,24.046889997461886,ok
1749494279.5252252,24.762639759778782,ok
1749494280.5348437,26.21250210525045,ok
1749494281.5474725,25.409232046895568,ok
1749494282.5510554,25.35416642695834,ok
1749494283.5640757,26.044773175223987,ok
1749494284.576275,24.820594363920442,ok
1749494285.581052,23.75557778747109,ok
1749494286.5916176,25.525728907128155,ok
1749494287.6030324,24.26452794170685,ok
1749494288.6200526,25.17342843114161,ok
1749494289.6255267,25.242291620765307,ok
1749494290.641409,25.204536865840062,ok
1749494291.6679883,24.164803227014026,ok
1749494292.6857653,25.075219894141366,ok
1749494293.706378,25.003650470158952,ok
1749494294.7119029,25.08149838066654,ok
1749494295.8101528,25.8319503020402,ok
1749494296.8131547,25.960527283382373,ok
1749494297.857098,25.097459477274874,ok
1749494298.8917758,24.788901441418815,ok
1749494299.909042,24.338549339948706,ok
1749494300.920499,24.613372847754196,ok
1749494301.935648,24.96037746287687,ok
1749494303.525752,26.176724484526677,ok
1749494304.8685246,24.960091333468096,ok
1749494305.8788133,24.801637309065644,ok
1749494306.895165,23.438603045838068,ok
1749494307.906015,23.402000270493446,ok
1749494308.918672,22.45251378424138,ok
1749494309.9307811,23.81215286723949,ok
1749494310.9498694,24.570961322249975,ok
1749494311.9531574,26.240627785782948,ok
1749494312.9718676,25.941149558899987,ok
1749494313.9904964,26.41509292595048,ok
1749494315.0028307,25.978595283887664,ok
1749494316.00946,25.751107744987127,ok
1749494317.0130587,24.61511693568574,ok
1749494318.026741,25.366615641648973,ok
1749494319.0345592,24.475842307699306,ok
1749494320.0482976,23.542587223296355,ok
1749494321.0560393,22.94993122399483,ok
1749494322.0693681,22.45872303001108,ok
1749494323.0802186,20.719514518711158,ok
1749494324.0884416,20.86974516802532,ok
1749494325.0952458,21.497451024300013,ok
1749494326.099676,21.896685009056068,ok
1749494327.105267,22.83865596769669,ok
1749494328.1219316,23.610097538538504,ok
1749494329.132554,23.422167256105645,ok
1749494330.1353216,23.482995956609297,ok
1749494331.1477582,23.87822382793945,ok
1749494332.1626892,23.274300910622713,ok
1749494333.179841,23.568261658038296,ok
1749494334.1826684,24.52574301990086,ok
1749494335.1862996,,error
1749494336.1931624,,error
1749494337.2003963,23.921500405717204,ok
1749494338.2097728,23.74421651512798,ok
1749494339.2221713,24.4603155231396,ok
1749494340.2259789,23.99737746962466,ok
1749494341.2324162,23.23576778283209,ok
1749494342.2409403,23.120060350511483,ok
1749494343.2551336,23.279783318776225,ok
1749494344.2581701,22.38114295444153,ok
1749494345.2743552,22.22538609744279,ok
1749494346.2837126,,error
1749494347.2947962,,error
1749494348.3036213,,error
1749494349.3089724,,error
1749494350.3138847,21.86217899523207,ok
1749494351.3169012,22.65823390737313,ok
1749494352.3232012,23.10489183469258,ok
1749494353.3278556,22.86321847067567,ok
1749494354.3318396,23.130806291535425,ok
1749494355.3399196,23.642933233662117,ok
1749494356.3481557,,error
1749494357.3702707,23.15543529547812,ok
1749494358.3863704,23.362753151277325,ok
1749494359.40023,24.164823215073035,ok
1749494360.414347,23.729498613292968,ok
1749494361.4240968,24.463864065373656,ok
1749494362.446178,24.884029574600554,ok
1749494363.450201,23.737214590786387,ok
1749494364.4609697,24.089353858394574,ok
1749494365.473828,24.820553514098595,ok
1749494366.4850473,24.28171527111644,ok
1749494367.49231,23.798692951116095,ok
1749494368.5099154,23.871108512794514,ok
1749494369.5173295,24.378086051731618,ok
1749494370.527345,24.46418732013716,ok
1749494371.5307555,24.210033935322905,ok
1749494372.5485332,25.686852987251438,ok
1749494373.5581174,26.23156032784404,ok
1749494374.5668976,25.76626768866621,ok
1749494375.5770693,25.272777831429398,ok
1749494376.587533,24.97764254460955,ok
1749494377.5931244,23.85501963975945,ok
1749494378.5974028,24.593145768403033,ok
1749494379.6061995,23.91990209612881,ok
1749494380.622049,24.48937056280421,ok
1749494381.6338277,25.119517106283194,ok
1749494382.6410038,25.093130829725318,ok
1749494383.644786,24.078036561767867,ok
1749494384.9021504,24.284350046256055,ok
1749494385.9070635,24.48652755365716,ok
1749494386.9193616,25.048474090775986,ok
1749494387.9339383,25.574144918808088,ok
1749494388.9499204,26.341723031458876,ok
1749494389.9620097,26.67946735453801,ok
1749494390.9695115,27.061592403983155,ok
1749494391.978047,26.901274783079515,ok
1749494392.9810164,25.810637076622783,ok
1749494393.9902842,25.876669415148292,ok
1749494394.9964256,25.982355189387484,ok
1749494396.0117035,25.370671133469422,ok
1749494397.0164342,25.559731539848556,ok
1749494398.0319626,25.7722401196791,ok
1749494399.0518277,25.400347663166734,ok
1749494400.0652592,24.44643604914142,ok
1749494401.0782607,23.73250486108578,ok
1749494402.0911865,23.647800395007152,ok
1749494403.0985897,23.737958877325415,ok
1749494404.1027424,24.444055097901735,ok
1749494405.1206555,25.27459160456068,ok
1749494406.13097,26.5084735122852,ok
1749494407.141955,26.317224513323783,ok
1749494408.1592233,26.61876438426906,ok
1749494409.1656506,24.886267642776026,ok
1749494410.1738098,25.2069614061662,ok
1749494411.1851175,23.99320139763036,ok
1749494412.2012553,23.21304357318459,ok
1749494413.2137115,22.885872833634348,ok
1749494414.2208796,22.944642954181486,ok
1749494415.2269225,22.54108829614112,ok
1749494416.2494693,23.47404563594465,ok
1749494417.2639143,24.96422205844096,ok
1749494418.2804163,25.541731204733125,ok
1749494419.2894824,27.06529650070319,ok
1749494420.298103,27.0844651564256,ok
1749494421.3121583,27.639353531810194,ok
1749494422.3135483,27.25252856729521,ok
1749494423.3245707,26.71829257168509,ok
1749494424.331307,25.805943101008943,ok
1749494425.3432293,25.454741167248724,ok
1749494426.3580546,25.186502468326076,ok
1749494427.370565,24.32410942606344,ok
1749494428.3897755,25.00846845710911,ok
1749494429.4073822,25.71759774964378,ok
1749494430.424675,26.743860553742913,ok
1749494431.4295287,27.032496607492654,ok
1749494432.443104,26.483769606362795,ok
1749494433.4529297,25.57532603146234,ok
1749494434.4704342,25.899189828985094,ok
1749494435.4873393,25.123827602586257,ok
1749494436.504516,23.512820643392697,ok
1749494437.518943,24.091405908682088,ok
1749494438.5231187,24.786017405061603,ok
1749494439.5283349,24.164121529477306,ok
1749494440.5442376,24.834326317453964,ok
1749494441.5469577,24.50731121192165,ok
1749494442.5549731,24.47573224567941,ok
1749494443.5604687,24.594165606671137,ok
1749494444.569037,25.1969290212794,ok
1749494445.5776563,24.53402075529095,ok
1749494446.583595,25.232978380645278,ok
1749494447.5927505,26.271152802587334,ok
1749494448.6077476,26.829074572465327,ok
1749494449.6202781,25.058834169989503,ok
1749494450.6248953,25.01512851383549,ok
1749494451.634104,25.23282811092571,ok
1749494452.643899,25.357397766375954,ok
1749494453.66138,24.357603799294928,ok
1749494454.6661875,24.510310219209703,ok
1749494455.6728988,23.84440549339448,ok
1749494456.6814482,23.201817672650623,ok
1749494457.6915383,23.228178762942743,ok
1749494458.7072878,24.496859162044963,ok
1749494459.741489,25.293928439961064,ok
1749494460.7628453,26.425360625719026,ok
1749494461.770783,27.453626812160177,ok
1749494462.7822027,26.886040378161585,ok
1749494463.7870116,25.088359048808883,ok
1749494465.4269211,24.895919528119766,ok
1749494466.4323392,23.93059395787038,ok
1749494467.444236,23.2334202326932,ok
1749494468.459057,22.68546560812286,ok
1749494469.4677193,24.671687195235414,ok
1749494470.4766333,24.729399883669466,ok
1749494471.4804487,25.408900249605573,ok
1749494472.4832735,26.628251406054922,ok
1749494473.4894989,25.93629175262937,ok
1749494474.495773,24.195651662619447,ok
1749494475.5107188,23.523652032634217,ok
1749494476.5206468,23.66496944930541,ok
1749494477.529852,22.789577422960768,ok
1749494478.552358,24.244643914351748,ok
1749494479.5624547,24.945734880739426,ok
1749494480.5681016,26.27887713869266,ok
1749494481.5768683,26.125812521383427,ok
1749494482.6009405,27.038566039451553,ok
1749494483.6090412,27.299561375635307,ok
1749494484.6226223,27.586030073780613,ok
1749494485.6385093,26.23414182056174,ok
1749494486.6482913,26.947688408261264,ok
1749494487.661033,25.230845064490904,ok
1749494488.66959,24.30992203112365,ok
1749494489.680377,24.559979652513515,ok
1749494490.696402,26.22704708824749,ok
1749494491.700807,26.432106470114757,ok
1749494492.7175593,26.998314919806383,ok
1749494493.728338,26.837226361085488,ok
1749494494.7428377,27.119452824009613,ok
1749494495.7537773,26.41669257607008,ok
1749494496.7645884,25.25991380400617,ok
1749494497.7821786,25.22402204648053,ok
1749494498.788808,25.462586175584956,ok
1749494499.7965887,24.57805638639355,ok
1749494500.8004677,24.858810812223428,ok
1749494501.805345,25.499266056248647,ok
1749494502.819979,26.013544784958345,ok
1749494503.827277,26.11990075249463,ok
1749494504.9933233,26.10386291202056,ok
1749494506.0097404,25.475254698785243,ok
1749494507.030189,25.326885538175866,ok
1749494508.042788,24.71623859600647,ok
1749494509.0656016,,error
1749494510.0748863,25.476578959046837,ok
1749494511.0863447,26.441025471524462,ok
1749494512.0924053,26.158460888633734,ok
1749494513.098754,26.381214798198112,ok
1749494514.1104515,27.07631253250065,ok
1749494515.127185,26.557268265630096,ok
1749494516.1399796,26.371773956381514,ok
1749494517.1501575,26.896756625064302,ok
1749494518.1645029,25.873269483430057,ok
1749494519.1738577,25.430838487643314,ok
1749494520.1802807,25.14330695211462,ok
1749494521.1898096,24.084367598299398,ok
1749494522.2063036,23.789143947288636,ok
1749494523.2102385,,error
1749494524.2190711,24.128733615191095,ok
1749494525.2264273,24.741737652164396,ok
1749494526.2425678,25.109741634148754,ok
1749494527.250574,24.752585058014816,ok
1749494528.261674,24.669611781477855,ok
1749494529.2671282,25.103645701081113,ok
1749494530.2823114,25.269601196107615,ok
1749494531.2876315,25.540511136327847,ok
1749494532.2956827,26.503129115904358,ok
1749494533.3098333,26.343396551823208,ok
1749494534.3158865,25.26860935557587,ok
1749494535.3231647,24.61520031440271,ok
1749494536.3350065,23.844412800809096,ok
1749494537.343835,24.56804970994329,ok
1749494538.3483944,25.636551695218788,ok
1749494539.3531466,27.327205946056125,ok
1749494540.3620462,27.816039134809408,ok
1749494541.365082,28.356326606735205,ok
1749494542.3727405,27.927914003888198,ok
1749494543.377953,27.534431422123152,ok
1749494544.396087,26.42811644416117,ok
1749494545.405722,25.634875305673045,ok
1749494546.4207537,25.767239400535026,ok
1749494547.4248033,24.92306882619713,ok
1749494548.427151,23.692563426575195,ok
1749494549.4349282,23.95590716737504,ok
1749494550.4534326,24.67362849618466,ok
1749494551.4638019,24.037514502567785,ok
1749494552.472404,24.351561320950523,ok
1749494553.478448,25.4799718475665,ok
1749494554.4832766,25.897630770321683,ok
1749494555.4996173,26.312066814927096,ok
1749494556.5040758,27.150839775522638,ok
1749494557.5164936,27.486835757952747,ok
1749494558.5252979,27.069100624563568,ok
1749494559.5351562,25.981690892911296,ok
1749494560.5403223,25.86835447381635,ok
1749494561.5531542,24.397609225897376,ok
1749494562.5689833,24.265325103017915,ok
1749494563.5855105,24.59574698041299,ok
1749494564.6026835,24.731733864651936,ok
1749494565.6049967,23.248016378307415,ok
1749494566.6174605,24.535832792874185,ok
1749494567.6227481,24.60100897522663,ok
1749494568.6272178,23.853466436918943,ok
1749494569.6321244,23.64059492229287,ok
1749494570.6401522,25.13991402638699,ok
1749494571.6588027,25.016452044523675,ok
1749494572.6638107,24.949362146396602,ok
1749494573.6731935,25.093945171075273,ok
1749494574.6833832,25.853582182622155,ok
1749494575.692628,24.319953422442516,ok
1749494576.6958594,24.62773661402655,ok
1749494577.7108214,24.300838426175368,ok
1749494578.719185,25.773735486663007,ok
1749494579.736668,25.97684934929729,ok
1749494580.7441933,26.183053096242922,ok
1749494581.749245,25.253021326111586,ok
1749494582.75388,24.773655515206677,ok
1749494583.7576294,23.60330911809752,ok
1749494584.772437,24.15918478073916,ok
1749494585.7888658,24.887899393000687,ok
1749494586.7908266,25.129928568474515,ok
1749494587.799285,26.763842343120153,ok
1749494588.8067505,27.009144048958127,ok
1749494589.8127325,26.998615351161497,ok
1749494590.8201163,25.980251417644887,ok
1749494591.830241,25.770108966069436,ok
1749494592.8475034,24.975919486717295,ok
1749494593.8634646,25.85410090171778,ok
1749494595.0488045,25.389879468464162,ok
1749494596.062037,26.909168592329337,ok
1749494597.0820148,28.00066289339157,ok
1749494598.0975115,27.67410009424154,ok
1749494599.1152387,27.284910670825013,ok
1749494600.122845,27.48911252114865,ok
1749494601.135443,26.132379853045837,ok
1749494602.1383402,24.36084199361104,ok
1749494603.1614666,25.400824636851823,ok
1749494604.1854537,24.213753881426257,ok
1749494605.204511,23.68144537002182,ok
1749494606.2133236,24.02999688405018,ok
1749494607.219261,25.103693155801636,ok
1749494608.2362077,24.989048984993843,ok
1749494609.2438004,25.045502122608813,ok
1749494610.24905,24.642508457184622,ok
1749494611.2614696,24.631410530366008,ok
1749494612.278801,24.248149345432658,ok
1749494613.294965,23.087351639100465,ok
1749494614.2999744,23.048683722872703,ok
1749494615.316184,22.560784640022113,ok
1749494616.3296251,23.705059669640516,ok
1749494617.3488386,24.78833135765404,ok
1749494618.371519,26.13749866383871,ok
1749494619.3922036,27.611803786141127,ok
1749494620.4199321,28.474195722752086,ok
1749494621.4285257,27.633534802719787,ok
1749494622.442106,26.957228279167122,ok
1749494623.445272,26.74538109075873,ok
1749494624.4529731,26.76241099318356,ok
1749494625.461878,25.894661645608515,ok
1749494626.4752126,25.450092299233756,ok
1749494627.48283,25.967192175781783,ok
1749494628.493733,25.52605155086543,ok
1749494629.4971166,24.227182106876146,ok
1749494630.504234,26.049179250477454,ok
1749494631.5100129,26.61006205505033,ok
1749494632.523717,25.335314102504086,ok
1749494633.5407152,25.74208565863026,ok
1749494634.5456069,25.681297444355017,ok
1749494635.552624,25.25916694627902,ok
1749494636.5623803,24.596413130865045,ok
1749494637.5738301,24.596297511256818,ok
1749494638.5777376,24.46197833639354,ok
1749494639.5986543,25.252782002988276,ok
1749494640.6279473,24.85092934139032,ok
1749494641.6471913,25.49103557891658,ok
1749494642.6674256,26.64273024088153,ok
1749494643.676199,25.751021643585013,ok
1749494644.687938,25.213316772722365,ok
1749494645.697879,24.769006496562834,ok
1749494646.7199628,25.185097894948903,ok
1749494647.7509878,25.47119461454866,ok
1749494648.7628915,26.255171884732647,ok
1749494649.778747,27.26756900444867,ok
1749494650.7851892,27.77368759808387,ok
1749494651.8058965,27.610228601204653,ok
1749494652.8490868,25.73477714269576,ok
1749494653.8749716,26.02780765325635,ok
1749494655.1186504,25.53651028998319,ok
1749494656.1352708,26.046187015717823,ok
1749494657.1519349,24.872382009330373,ok
1749494658.1632667,26.515841174121373,ok
1749494659.1721141,25.98218007731989,ok
1749494660.1788774,26.162578120278205,ok
1749494661.1961548,24.634325956017925,ok
1749494662.2010398,25.55942823652766,ok
1749494663.2105794,25.386474298190166,ok
1749494664.2271,25.84005001691156,ok
1749494665.2354805,25.31913230455481,ok
1749494666.2452443,26.336127392840773,ok
1749494667.256519,25.582230057070195,ok
1749494668.2741172,24.88827628053197,ok
1749494669.285571,23.827444350180315,ok
1749494670.2940533,23.399978208196263,ok
1749494671.3075836,23.970694412887585,ok
1749494672.321026,24.520019764013306,ok
1749494673.3251157,25.081872784947805,ok
1749494674.3368115,26.108867821394547,ok
1749494675.3471854,27.251228840925297,ok
1749494676.3600197,26.340266046248548,ok
1749494677.3728013,26.392450426957584,ok
1749494678.390997,25.961297561418565,ok
1749494679.399355,26.20331984974312,ok
1749494680.4037502,26.48412937241278,ok
1749494681.4119253,26.37401500289473,ok
1749494682.420526,26.78916863335295,ok
1749494683.4261022,27.42738298742453,ok
1749494684.4354572,27.36028945073316,ok
1749494685.4451637,27.18229317615154,ok
1749494686.4523132,28.32849044606702,ok
1749494687.462444,27.683780349220733,ok
1749494688.4693434,28.03145643859221,ok
1749494689.4753602,26.873264815317516,ok
1749494690.4886117,25.615688397409713,ok
1749494691.50475,24.66725119086332,ok
1749494692.5157702,25.227214172658517,ok
1749494693.5186994,24.89511225976928,ok
1749494694.536598,24.67074118126178,ok
1749494695.5449617,24.876591587098684,ok
1749494696.54925,24.815846975679484,ok
1749494697.5553758,24.56380796419062,ok
1749494698.56521,23.32496753956471,ok
1749494699.5730872,23.559296362421204,ok
1749494700.5856054,23.5880044546129,ok
1749494701.594455,23.116460582728973,ok
1749494702.6052754,23.73558516196648,ok
1749494703.6169963,23.830302843187187,ok
1749494704.6294742,24.35017540437531,ok
1749494705.6341257,23.882028039768343,ok
1749494706.6399424,23.528656265302942,ok
1749494707.6523952,23.14206426314531,ok
1749494708.65826,23.635590988764484,ok
1749494709.674171,23.727353170951687,ok
1749494710.6851392,24.148659146507498,ok
1749494711.6945179,24.809056191839886,ok
1749494712.707737,25.263794875603686,ok
1749494713.7268636,24.876481569923556,ok
1749494714.7364624,25.00329266552339,ok
1749494715.750504,26.104239773792784,ok
1749494716.7665496,25.839620961132745,ok
1749494717.7738638,25.68049988551371,ok
1749494718.7822056,25.6832397957886,ok
1749494719.7931519,25.185859196256093,ok
1749494720.8047512,24.128665417852652,ok
1749494721.8170805,25.31644412769844,ok
1749494722.826859,25.13555143451743,ok
1749494723.8436594,25.94931862545735,ok
1749494724.856609,26.82011940205018,ok
1749494725.8788707,26.62427550372083,ok
1749494726.886362,25.296106972251042,ok
1749494727.914961,24.14882329471275,ok
1749494728.9248116,24.550369598449386,ok
1749494729.9480128,23.539885852644986,ok
1749494730.968004,23.148466495946682,ok
1749494731.9731781,23.64621425521076,ok
1749494732.9958231,24.566557396031513,ok
1749494734.003959,23.23938293324135,ok
1749494735.3135605,22.647716135910446,ok
1749494736.322282,22.94968907848369,ok
1749494737.3268695,22.93571968760821,ok
1749494738.3824723,22.47117818485576,ok
1749494739.3898857,23.800149622864787,ok
1749494740.408311,25.295926384237877,ok
1749494741.4679976,25.918566439000926,ok
1749494742.5289714,27.121478027987678,ok
1749494743.5418909,26.729583923701774,ok
1749494744.5596943,25.676099867669155,ok
1749494745.5676634,25.472691848914675,ok
1749494746.575842,25.583700476022003,ok
1749494747.5934167,25.609040990905733,ok
1749494748.597563,25.66318853982394,ok
1749494749.6123378,26.553387273367786,ok
1749494750.6282787,26.71087961830775,ok
1749494751.6358879,25.729339151086016,ok
1749494752.6536045,24.53436721309194,ok
1749494753.6647966,24.91298344064605,ok
1749494754.67121,24.122300079257933,ok
1749494755.686678,23.892303805999674,ok
1749494756.698893,24.306631041564973,ok
1749494757.707593,25.32384976952925,ok
1749494758.716368,25.82513983387591,ok
1749494759.7302694,26.90668233066723,ok
1749494760.7372918,26.91230361861425,ok
1749494761.7399073,26.51547635508702,ok
1749494762.7458498,26.37238750309579,ok
1749494763.7523825,25.97096873688011,ok
1749494764.7601545,25.07018642909889,ok
1749494765.7750177,24.910278807582593,ok
1749494766.7857254,25.362998731742895,ok
1749494767.792598,25.676203277269487,ok
1749494768.8023155,26.558181266105585,ok
1749494769.8153918,26.614803947221226,ok
1749494770.8200943,25.55874238205184,ok
1749494771.832744,26.787083039275974,ok
1749494772.838848,25.68832413046801,ok
1749494773.8460305,24.306255995664923,ok
1749494774.8511481,24.806703170257332,ok
1749494775.8566875,25.215892963916524,ok
1749494776.8658123,23.44794228794009,ok
1749494777.912984,24.133705369626462,ok
1749494778.9279933,24.029707899883146,ok
1749494779.9454002,22.494604723675188,ok
1749494780.9745815,23.071953376565556,ok
1749494781.9840016,24.444493340784,ok
1749494782.994898,23.767750084089634,ok
1749494784.005218,25.465516636557375,ok
1749494785.210021,27.03989024096657,ok
1749494786.215325,26.442664159488732,ok
1749494787.2341437,26.237429268159254,ok
1749494788.259993,26.72030443459318,ok
1749494789.269971,25.69676939495796,ok
1749494790.2725015,24.20696475584971,ok
1749494791.2851958,25.374892323932954,ok
1749494792.2930124,25.4231810102888,ok
1749494793.3002548,25.648784880587687,ok
1749494794.3090298,26.723244776896138,ok
1749494795.317489,27.055644536430453,ok
1749494796.3318713,25.98162961998984,ok
1749494797.3415313,24.68676961395854,ok
1749494798.3486555,24.051129676137972,ok
1749494799.3584988,23.3470383242137,ok
1749494800.3621464,23.430951894892388,ok
1749494801.3687553,24.232245575773817,ok
1749494802.384629,25.138525220454056,ok
1749494803.3976552,24.262262859762952,ok
1749494804.4136808,23.489390920316772,ok
1749494805.5295126,22.929730016266397,ok
1749494806.5323277,22.375796568650273,ok
1749494807.5376573,22.272813558246167,ok
1749494808.551695,23.583426555412235,ok
1749494809.5685186,24.217396965736178,ok
1749494810.572848,24.50761721941484,ok
1749494811.578685,25.21263924099054,ok
1749494812.5848727,26.0524133541469,ok
1749494813.5907178,25.042612749315413,ok
1749494814.5979333,25.375367743006628,ok
1749494815.6055498,25.11856461985618,ok
1749494816.618073,23.851209867578923,ok
1749494817.6301916,23.431611800181983,ok
1749494818.6395812,24.658583999757496,ok
1749494819.6446855,23.7424765504322,ok
1749494820.6578126,24.600889152106884,ok
1749494821.6755044,25.93310203385196,ok
1749494822.6871324,26.29815003908421,ok
1749494823.706634,25.966633614740193,ok
1749494824.7187061,26.63090364063937,ok
1749494825.7480822,26.90838726316182,ok
1749494826.7535198,26.739293309877716,ok
1749494827.7612846,25.32929080407275,ok
1749494828.7695289,25.74055010573963,ok
1749494829.786936,25.691539109856343,ok
1749494830.7949023,24.986094950411776,ok
1749494831.8077445,25.357634267535,ok
1749494832.8190653,26.52250938006943,ok
1749494833.8216515,25.76120720373213,ok
1749494834.8273385,25.63731736603058,ok
1749494835.830244,25.938948105096934,ok
1749494836.834835,24.063042459846862,ok
1749494837.846135,22.90558895413625,ok
1749494838.854358,23.05141832103276,ok
1749494839.8674588,23.79150492506232,ok
1749494840.8829587,23.368898965514596,ok
1749494841.9007125,24.172273334561712,ok
1749494842.907911,24.75094717588258,ok
1749494843.9162574,24.709469336094102,ok
1749494844.922832,23.790639738347206,ok
1749494845.9377563,23.573934238120962,ok
1749494846.9622574,23.20953403663154,ok
1749494847.979472,24.08707866934118,ok
1749494849.0049572,25.000819509635924,ok
1749494850.0136046,25.716275501505983,ok
1749494851.031703,26.85052898927741,ok
1749494852.0453374,28.163538016330858,ok
1749494853.0626233,26.935621419998313,ok
1749494854.070649,26.94094297107079,ok
1749494855.2516072,25.798279073361506,ok
1749494856.2559102,26.303636773080143,ok
1749494857.260497,24.925419760065488,ok
1749494858.275019,26.255378791589358,ok
1749494859.2813842,25.974856317181754,ok
1749494860.284859,27.419572298483512,ok
1749494861.2954335,27.16004515007836,ok
1749494862.3092065,28.073604115184803,ok
1749494863.3176634,27.302091113708276,ok
1749494864.326021,27.587963284164857,ok
1749494865.3343968,26.865647153283334,ok
1749494866.3380635,25.56145851285873,ok
1749494867.34321,24.68884297648456,ok
1749494868.3498704,25.605229562128955,ok
1749494869.3619032,24.797734646093023,ok
1749494870.3698509,25.052586969675183,ok
1749494871.383918,26.40411409806152,ok
1749494872.3919973,26.433552565464716,ok
1749494873.3997262,25.81961467072761,ok
1749494874.4047995,26.354072066596295,ok
1749494875.4264297,26.86098290675323,ok
1749494876.4402182,27.18744579195203,ok
1749494877.4509702,27.692709994240374,ok
1749494878.4552348,27.33490658732912,ok
1749494879.464081,27.1771398354849,ok
1749494880.484864,25.91311490547914,ok
1749494881.4944675,24.36240717819548,ok
1749494882.49811,24.35420705017029,ok
1749494883.5051653,23.810664667389105,ok
1749494884.5117066,23.365062773962674,ok
1749494885.514399,23.584842356263774,ok
1749494886.5245917,24.127027360841776,ok
1749494887.5409327,23.915966875393554,ok
1749494888.554808,24.779796208093746,ok
1749494889.560801,24.29315718945724,ok
1749494890.5694077,23.575406766404377,ok
1749494891.578434,23.052536688942777,ok
1749494892.5940874,22.893137091604228,ok
1749494893.608546,22.670964643874253,ok
1749494894.62303,23.826299354912628,ok
1749494895.6324515,25.6738914203625,ok
1749494896.64514,25.919886917757264,ok
1749494897.6534476,25.528920452652557,ok
1749494898.6676013,25.573995304274693,ok
1749494899.677699,23.86245529613039,ok
1749494900.6897063,23.74107994099583,ok
1749494901.7040737,23.431460987636786,ok
1749494902.7147098,25.154388916492692,ok
1749494903.7230136,25.659000502835944,ok
1749494904.7282567,26.31534787655952,ok
1749494905.731249,25.792357827226375,ok
1749494906.7421107,27.43744367178412,ok
1749494907.7475884,26.422789231712727,ok
1749494908.7574744,26.635191137439563,ok
1749494909.7651403,26.7041820485317,ok
1749494910.7713478,25.687907636634794,ok
1749494911.780901,24.32364507510911,ok
1749494912.7964642,24.945494519071087,ok
1749494913.8060806,23.565484490078937,ok
1749494914.8183627,23.042002965369857,ok
1749494915.8314662,23.480502098316073,ok
1749494916.8387232,24.084744146632826,ok
1749494917.8466008,24.001873896171507,ok
1749494918.8517165,25.029319851260443,ok
1749494919.8641531,26.009060739943855,ok
1749494920.868274,25.812016884442226,ok
1749494921.878608,24.92915427141233,ok
1749494922.8835037,25.177830064631372,ok
1749494923.8880498,23.969715492981408,ok
1749494924.8923056,24.187413491447295,ok
1749494925.8992486,25.43384328532129,ok
1749494926.914892,25.7197127471321,ok
1749494927.9323628,24.694499979434234,ok
1749494928.9461527,24.629751372802836,ok
1749494929.96123,23.898762894048676,ok
1749494930.9771326,22.463875698234474,ok
1749494931.9974892,22.046016232835797,ok
1749494933.0037766,21.579078420415946,ok
1749494934.016498,22.237608947447256,ok
1749494935.0334208,22.8854698490993,ok
1749494936.041775,23.52116171887319,ok
1749494937.0482092,24.289970327402784,ok
1749494938.0507605,25.831760554109273,ok
1749494939.0753415,26.055611073589905,ok
1749494940.0852294,25.04277955870724,ok
1749494941.096083,24.173337950534865,ok
1749494942.114368,25.00330062474355,ok
1749494943.1200817,24.639565016599672,ok
1749494944.1277654,25.114010454233267,ok
1749494945.3150227,25.312090463011845,ok
1749494946.32276,25.615849198962785,ok
1749494947.337348,24.06317718423034,ok
1749494948.3489842,23.195572375371825,ok
1749494949.3599021,23.469507182743637,ok
1749494950.3700788,24.75467079448581,ok
1749494951.376822,24.537123672275847,ok
1749494952.394207,24.444134113702155,ok
1749494953.4031525,24.47413779824931,ok
1749494954.4131536,22.856559323589916,ok
1749494955.4226484,22.84472138682911,ok
1749494956.4316623,24.25325457586817,ok
1749494957.4441004,24.415938553536307,ok
1749494958.4561927,24.681088281056002,ok
1749494959.4667492,24.60079088415382,ok
1749494960.4754012,24.680268347182718,ok
1749494961.4858549,24.906559478445704,ok
1749494962.4906602,25.899082981570764,ok
1749494963.4995131,27.05811018709658,ok
1749494964.5044718,27.669987458754644,ok
1749494965.520381,26.286006946086623,ok
1749494966.5285037,25.44904433634118,ok
1749494967.538004,24.23693076280795,ok
1749494968.541153,22.540034259115153,ok
1749494969.5470774,22.679262976509403,ok
1749494970.5510168,24.0466240209443,ok
1749494971.5674605,24.51136223838426,ok
1749494972.5759244,25.930896344638086,ok
1749494973.585163,26.85562134801905,ok
1749494974.5975378,27.930608371377662,ok
1749494975.602333,27.63853240956064,ok
1749494976.607857,27.983678871819933,ok
1749494977.6158755,28.099362976260473,ok
1749494978.6246512,28.516483075919155,ok
1749494979.6280797,28.312442362337173,ok
1749494980.6458642,27.33051401884781,ok
1749494981.6594656,26.412570249070807,ok
1749494982.6738517,25.526659682501474,ok
1749494983.680746,24.97417921413001,ok
1749494984.6933665,24.528423938822804,ok
1749494985.7014434,25.823275382926454,ok
1749494986.7070892,26.213973933908164,ok
1749494987.7152765,26.27407953930706,ok
1749494988.722312,26.872065091313384,ok
1749494989.7431595,26.99904254335297,ok
1749494990.759931,26.391303173680445,ok
1749494991.7676609,26.537393309247534,ok
1749494992.7764263,26.294407312895913,ok
1749494993.7967408,25.523782377187253,ok
1749494994.804506,25.045129547450312,ok
1749494995.8130777,24.34490894219031,ok
1749494996.8184624,24.026296932767586,ok
1749494997.833559,,error
1749494998.8543339,23.797676697566203,ok
1749494999.865398,23.999159278964804,ok
1749495000.8740666,23.768597819199236,ok
1749495001.8882515,25.139273618408353,ok
1749495002.9007697,25.526897876393498,ok
1749495003.9095385,26.18323091731594,ok
1749495004.918328,25.266943801857046,ok
1749495005.9313707,25.70238649014617,ok
1749495006.9364016,24.16666841559299,ok
1749495007.941661,23.98049249899743,ok
1749495008.9562316,23.924543254453077,ok
1749495009.9708295,25.11888005754783,ok
1749495010.9748187,25.85488520299822,ok
1749495011.9870005,26.40793622247608,ok
1749495013.001163,26.351496036877506,ok
1749495014.0248308,26.88046309540307,ok
1749495015.0388088,27.22065822189586,ok
1749495016.051386,25.70623651827477,ok
1749495017.0590343,25.850954123200104,ok
1749495018.0670907,25.628883732171964,ok
1749495019.0766637,25.111048754740978,ok
1749495020.0891674,24.235040724223843,ok
1749495021.1047785,25.555345248918723,ok
1749495022.1229851,25.67207076012341,ok
1749495023.1366036,26.209848611053122,ok
1749495024.1446695,26.69531085245477,ok
1749495025.353388,,error
1749495026.3677144,27.373888990028895,ok
1749495027.3828936,26.056676784590486,ok
1749495028.3890316,26.646078474137987,ok
1749495029.4031644,26.421542011225057,ok
1749495030.4208646,26.81102201892848,ok
1749495031.426008,26.413218374837584,ok
1749495032.4326906,27.76131115537128,ok
1749495033.4466648,27.48327762634343,ok
1749495034.4602308,27.843114114472492,ok
1749495035.467443,27.022777715549108,ok
1749495036.4724448,26.81862191931321,ok
1749495037.484878,25.579115887267385,ok
1749495038.498667,24.266684538903668,ok
1749495039.5380273,23.915512461794712,ok
1749495040.5442357,24.724763892939393,ok
1749495041.5618005,24.226561934743852,ok
1749495042.5863197,25.370520902635967,ok
1749495043.597281,25.27099407514016,ok
1749495044.6059158,23.97415188764225,ok
1749495045.609362,23.20135232675806,ok
1749495046.615917,23.0625154646556,ok
1749495047.6257913,21.507231195080458,ok
1749495048.647262,23.233532654118214,ok
1749495049.6637096,24.356203333160973,ok
1749495050.6814368,24.449435363922184,ok
1749495051.695164,25.586353365234977,ok
1749495052.7096322,27.454565943834034,ok
1749495053.7195928,26.04571430634777,ok
1749495054.7359352,26.63095314282689,ok
1749495055.7489014,26.54936160456172,ok
1749495056.7532496,27.06351058212771,ok
1749495057.7688224,26.067767112130014,ok
1749495058.7788553,25.702743528318564,ok
1749495059.7937584,24.94725828148811,ok
1749495060.8117695,25.629075253383725,ok
1749495061.8231516,25.363446514032596,ok
1749495062.8262906,24.628546996502493,ok
1749495063.835655,25.462827377973756,ok
1749495064.844284,26.048859465986993,ok
1749495065.8534837,25.061158888209153,ok
1749495066.85759,24.486330412880193,ok
1749495067.8681006,25.20606084463705,ok
1749495068.885885,25.116474232122652,ok
1749495069.8952513,24.78690292908947,ok
1749495070.9134507,25.41274659121067,ok
1749495071.9195879,25.270289829288657,ok
1749495072.941718,24.510716185689937,ok
1749495073.9613729,24.231422187643343,ok
1749495074.9699197,24.225683175328992,ok
1749495075.979379,24.71455683406429,ok
1749495076.9944558,25.334865525656596,ok
1749495078.0121443,25.79671096286608,ok
1749495079.0164232,26.4938359476304,ok
1749495080.0333242,26.312494217753493,ok
1749495081.0471377,25.22187156986786,ok
1749495082.0689883,24.893512582645634,ok
1749495083.0813034,25.282121031227852,ok
1749495084.094781,,error
1749495085.098701,24.510826373196334,ok
1749495086.1086097,23.6354393873413,ok
1749495087.1168206,23.235168637537083,ok
1749495088.1234095,23.460345051732524,ok
1749495089.127879,23.55030356379004,ok
1749495090.1420836,23.326511617029865,ok
1749495091.1584086,24.317029923297714,ok
1749495092.1737034,25.78011536663505,ok
1749495093.193002,25.419483951113175,ok
1749495094.2097108,25.158478276432067,ok
1749495095.3995998,26.373059902735946,ok
1749495096.4080338,26.208206955588253,ok
1749495097.4117608,26.12431351170598,ok
1749495098.4374795,26.49513650536708,ok
1749495099.4494743,26.07506415023811,ok
1749495100.456929,25.128346411687783,ok
1749495101.4697726,25.324958961993172,ok
1749495102.4922364,23.70214758261313,ok
1749495103.5034168,23.081582695526077,ok
1749495104.5125809,23.016607417087293,ok
1749495105.5176759,23.406063542662512,ok
1749495106.5236654,22.629279286479143,ok
1749495107.5411837,22.876420047265714,ok
1749495108.5506303,22.865014230961794,ok
1749495109.571517,23.860995342572693,ok
1749495110.591876,24.4813474438638,ok
1749495111.5996087,24.149296220333845,ok
1749495112.608139,24.639966500446835,ok
1749495113.6268022,25.061302878547277,ok
1749495114.6345363,25.23102152784404,ok
1749495115.6396585,25.33737847274024,ok
1749495116.6497576,25.84345586334449,ok
1749495117.6620896,25.853111569469217,ok
1749495118.6706283,24.57671508660247,ok
1749495119.677691,24.733335964129036,ok
1749495120.6822362,24.23533459474197,ok
1749495121.692357,23.88034498885164,ok
1749495122.7117739,24.55128225520633,ok
1749495123.7279627,24.890404178962353,ok
1749495124.740187,24.84744451208067,ok
1749495125.7576919,25.606216825018407,ok
1749495126.7661786,26.319833394460016,ok
1749495127.7701917,24.97797396680586,ok
1749495128.7808454,25.67897088351632,ok
1749495129.7849681,24.073889129571054,ok
1749495130.800925,23.492219902220356,ok
1749495131.8083897,22.861976076576752,ok
1749495132.8230598,23.018195591121117,ok
1749495133.8348339,22.781354330131116,ok
1749495134.84582,23.6401775829152,ok
1749495135.8567603,22.40297575618995,ok
1749495136.8634365,23.52007469974235,ok
1749495137.8749108,24.389215222587914,ok
1749495138.8823853,24.33907415483038,ok
1749495139.8925815,23.548396396515535,ok
1749495140.896488,25.304219544351145,ok
1749495141.9039438,24.658985199766043,ok
1749495142.912618,23.590024198076875,ok
1749495143.9276774,22.833023158730914,ok
1749495144.9374616,24.36577616312521,ok
1749495145.9478955,24.48662305993516,ok
1749495146.9570727,24.482888462888834,ok
1749495147.967732,25.120947560517553,ok
1749495148.9748495,26.335829078705906,ok
1749495149.9847941,26.19615385963514,ok
1749495150.994977,25.736544940043558,ok
1749495152.0036113,25.313347922552914,ok
1749495153.009005,26.081636541480158,ok
1749495154.019034,25.589376865901684,ok
1749495155.026861,24.836519404792504,ok
1749495156.047041,24.620329722706582,ok
1749495157.0538611,25.146049075074295,ok
1749495158.0644066,23.830195385409038,ok
1749495159.0707562,23.485974471382892,ok
1749495160.0798483,23.247713084325532,ok
1749495161.0873096,22.487948609384286,ok
1749495162.0956259,23.071962654751893,ok
1749495163.103072,24.311212045116825,ok
1749495164.109032,24.849148564894584,ok
1749495165.11813,24.43551238176865,ok
1749495166.1229784,25.010831299175425,ok
1749495167.133218,25.44291937055423,ok
1749495168.1476328,25.773802399536088,ok
1749495169.1531923,26.16341051148777,ok
1749495170.1653056,27.375634722996505,ok
1749495171.1712897,26.945714365217572,ok
1749495172.1837387,26.91121894422698,ok
1749495173.1911168,26.3914956112158,ok
1749495174.203648,25.15584632221414,ok
1749495175.2088652,25.32402608446734,ok
1749495176.2142956,26.04774045245615,ok
1749495177.2285876,25.25296683071168,ok
1749495178.234706,24.855541183619135,ok
1749495179.2386835,25.387369950087237,ok
1749495180.2454722,24.48806426917175,ok
1749495181.263518,24.365467159421588,ok
1749495182.2666695,23.50055710733442,ok
1749495183.27763,23.89654875401166,ok
1749495184.2816489,24.72093661658034,ok
1749495185.4925957,26.060296054946274,ok
1749495186.5073285,25.35664703340771,ok
1749495187.5231035,25.645013020949353,ok
1749495188.5441577,25.549025593776996,ok
1749495189.549344,24.794934503384994,ok
1749495190.554732,24.711884086484574,ok
1749495191.5588126,25.476535996507074,ok
1749495192.5709126,26.925484700399373,ok
1749495193.5848916,27.435821077707022,ok
1749495194.5993116,27.157787184833932,ok
1749495195.6077127,25.432097705258254,ok
1749495196.6273363,25.796656595815925,ok
1749495197.6367924,23.966139300961494,ok
1749495198.6390924,23.606976935729186,ok
1749495199.6414592,24.2382786763837,ok
1749495200.649565,25.389402667516848,ok
1749495201.6626723,24.005443781069847,ok
1749495202.6706486,25.30082831283543,ok
1749495203.679392,24.0535031557741,ok
1749495204.68256,24.63734889530575,ok
1749495205.69435,24.517997893068276,ok
1749495206.6997204,25.993734440808897,ok
1749495207.703262,25.083422483143973,ok
1749495208.7190125,26.07031408424429,ok
1749495209.754908,25.08297604079116,ok
1749495210.7774587,24.141025574513623,ok
1749495211.7895734,23.36709092571078,ok
1749495212.7930653,22.95096022555134,ok
1749495213.799915,23.21716718501687,ok
1749495214.814385,23.83503765747422,ok
1749495215.8294823,25.31967936280543,ok
1749495216.843581,24.8718833699892,ok
1749495217.8506458,25.414846037778346,ok
1749495218.8591087,25.468127148062745,ok
1749495219.862034,24.34340562408794,ok
1749495220.8713048,22.91271982322632,ok
1749495221.875745,23.053061243886543,ok
1749495222.8886547,24.351824040760796,ok
1749495223.9010763,23.492147073668555,ok
1749495224.9133415,23.63209777871665,ok
1749495225.933579,25.091914188026273,ok
1749495226.9412913,26.015925124712716,ok
1749495227.9545782,25.356579102097637,ok
1749495228.9723694,26.1709664586514,ok
1749495229.9906175,27.374114858238215,ok
1749495230.9960418,26.685585580047423,ok
1749495232.0122302,26.719814420721054,ok
1749495233.0279238,26.33410759909154,ok
1749495234.041522,26.280767174266835,ok
1749495235.0576823,26.658319996872887,ok
1749495236.0660162,26.22948894789957,ok
1749495237.0744693,25.555126310415346,ok
1749495238.0802655,26.43980385076727,ok
1749495239.0948684,26.58967338036532,ok
1749495240.100831,26.653496216449618,ok
1749495241.106358,27.353007990408287,ok
1749495242.127531,26.605132911253385,ok
1749495243.144486,25.600025042703386,ok
1749495244.1617837,25.443302865640284,ok
1749495245.1761074,24.120058311864383,ok
1749495246.1859157,24.25261924711249,ok
1749495247.2106433,24.603822587977227,ok
1749495248.2281656,24.161643333061708,ok
1749495249.2341163,24.567368378854344,ok
1749495250.2469723,25.599714496032085,ok
1749495251.2654412,25.265927436671255,ok
1749495252.2767906,25.67891690246798,ok
1749495253.2828865,25.391308188125215,ok
1749495254.286963,25.50546875269442,ok
1749495255.4797995,24.604694177527588,ok
1749495256.4940186,25.097184041365654,ok
1749495257.5011573,24.54863738382905,ok
1749495258.5065434,25.11108361905588,ok
1749495259.5179293,24.33986397092313,ok
1749495260.5308335,25.541820661881427,ok
1749495261.534661,24.26841563247343,ok
1749495262.5442278,23.937173285963315,ok
1749495263.5489888,23.757792723698106,ok
1749495264.554822,22.777082585528852,ok
1749495265.558061,22.616641137591323,ok
1749495266.5906904,22.930169702563376,ok
1749495267.5990782,23.0398053660539,ok
1749495268.6071556,22.733871881441747,ok
1749495269.6138575,23.094118818510246,ok
1749495270.623861,22.791716456722135,ok
1749495271.6392345,23.98875943706547,ok
1749495272.6507375,24.70958700032744,ok
1749495273.6579773,25.857516804176782,ok
1749495274.6722984,25.786030010512423,ok
1749495275.682549,25.332291011462292,ok
1749495276.6934469,24.85814790445398,ok
1749495277.7103117,25.26713801578821,ok
1749495278.7270954,24.167441478454187,ok
1749495279.7321222,25.606565591748414,ok
1749495280.740853,26.126094620502357,ok
1749495281.7466168,26.331868753102828,ok
1749495282.761082,25.134173113572114,ok
1749495283.775338,26.749083424244855,ok
1749495284.791493,26.38134081242375,ok
1749495285.8080568,24.920275077371777,ok
1749495286.8177032,25.27505692604841,ok
1749495287.8296115,26.76190983331947,ok
1749495288.8452363,26.61301489619032,ok
1749495289.8616488,26.18522758547,ok
1749495290.8701344,27.804259772550132,ok
1749495291.874568,25.975431331685332,ok
1749495292.8967724,25.69948242299231,ok
1749495294.1079192,24.589825868815485,ok
1749495295.1230173,24.076686788186286,ok
1749495296.1383772,23.736877078363335,ok
1749495297.1527588,24.08936646450844,ok
1749495298.175242,23.553886221395736,ok
1749495299.1794848,24.468767450691285,ok
1749495300.1891284,24.653413097774283,ok
1749495301.1977568,24.229811165729327,ok
1749495302.2082558,25.441225190636633,ok
1749495303.2144957,25.42705282683488,ok
1749495304.2265162,25.07177884896731,ok
1749495305.2343569,25.194081072069196,ok
1749495306.2504802,25.008520782355326,ok
1749495307.288277,24.829974969300235,ok
1749495308.2904322,24.99827943068569,ok
1749495309.3040407,24.833855858077936,ok
1749495310.319484,25.309449737131093,ok
1749495311.331349,25.333313250919453,ok
1749495312.3390212,24.462394454056543,ok
1749495313.3480563,23.634440619015287,ok
1749495314.3716269,24.317715314188046,ok
1749495315.5961127,23.88766194926201,ok
1749495316.604506,23.88797928276536,ok
1749495317.6135392,24.205496950788998,ok
1749495318.6201656,24.91803006899469,ok
1749495319.6359472,24.72284684068187,ok
1749495320.6378798,25.283285635489012,ok
1749495321.667972,25.563799896550155,ok
1749495322.6770706,25.11937358471689,ok
1749495323.6863594,,error
1749495324.7029142,24.750749414434402,ok
1749495325.7149038,,error
1749495326.7285833,23.94329681222198,ok
1749495327.7478046,23.762174524588946,ok
1749495328.756355,22.749997891315008,ok
1749495329.7649794,23.376814847458594,ok
1749495330.7729514,,error
1749495331.7795568,,error
1749495332.7919078,,error
1749495333.7991633,24.222381277631467,ok
1749495334.80902,25.102966441061945,ok
1749495335.8209474,25.21285826436359,ok
1749495336.8239813,26.682028105469016,ok
1749495337.830472,26.183627224076908,ok
1749495338.8344965,25.28971992672662,ok
1749495339.8454182,25.068550593835703,ok
1749495340.8514037,24.105723596296535,ok
1749495341.8618758,24.19418381292265,ok
1749495342.8672755,24.351856711921197,ok
1749495343.8840728,24.89207269509189,ok
1749495344.8962657,25.499764205679092,ok
1749495345.9109035,26.271056143367225,ok
1749495346.9256184,24.889868003113325,ok
1749495347.9372108,24.896775636721152,ok
1749495348.963016,25.675087942887775,ok
1749495349.9695127,25.0473195530567,ok
1749495350.9736643,25.77003969627911,ok
1749495351.99207,26.64226050258993,ok
1749495353.0011878,26.670028898034122,ok
1749495354.0054705,26.55596769964392,ok
1749495355.0174406,26.540601874677385,ok
1749495356.024661,25.85062665069965,ok
1749495357.0432065,25.376031417700425,ok
1749495358.0563834,25.48566218902217,ok
1749495359.0730286,24.241229891302602,ok
1749495360.08789,24.42906668895525,ok
1749495361.1112318,24.1167554809634,ok
1749495362.1309311,23.906940796834384,ok
1749495363.1440878,23.567293147123785,ok
1749495364.1577997,24.3585571863023,ok
1749495365.1727962,23.8905767023891,ok
1749495366.1785357,23.80679819751499,ok
1749495367.1909974,24.89487116605509,ok
1749495368.197651,25.383410856473503,ok
1749495369.2092726,25.40758825166199,ok
1749495370.2354977,26.102128926132547,ok
1749495371.2388904,27.154992432195023,ok
1749495372.2501202,27.059597719400205,ok
1749495373.2733521,26.92520391474512,ok
1749495374.2805266,25.824416846318094,ok
1749495375.3029904,25.28426084631321,ok
1749495376.310541,24.27116707598059,ok
1749495377.335456,23.487564526708105,ok
1749495378.3514407,23.897207116949073,ok
1749495379.3562503,24.0390162708704,ok
1749495380.367545,23.77937612190576,ok
1749495381.3755567,24.092818981971874,ok
1749495382.3847437,24.826552484675915,ok
